last_name,birth_year,female,male,sex_ratio
aakula,1978,252,262,1.0396825396825398
aakula,1979,263,285,1.0836501901140685
aakula,1985,309,273,0.883495145631068
aakula,1986,302,341,1.1291390728476822
akula,1985,272,231,0.8492647058823529
akula,1986,365,266,0.7287671232876712
akula,1987,327,307,0.9388379204892966
akula,1988,368,343,0.9320652173913043
akula,1989,389,328,0.8431876606683805
akula,1990,374,354,0.946524064171123
akula,1991,384,375,0.9765625
akula,1992,471,385,0.8174097664543525
akula,1993,393,450,1.1450381679389312
akula,1994,409,453,1.1075794621026895
akula,1995,339,457,1.3480825958702065
akula,1996,255,366,1.4352941176470588
allu,1986,277,254,0.9169675090252708
allu,1987,294,300,1.0204081632653061
allu,1988,279,267,0.956989247311828
allu,1989,257,289,1.1245136186770428
allu,1990,267,262,0.9812734082397003
allu,1991,239,265,1.108786610878661
ambati,1984,255,249,0.9764705882352941
ambati,1985,314,270,0.8598726114649682
ambati,1986,300,281,0.9366666666666666
ambati,1987,312,272,0.8717948717948718
ambati,1988,298,272,0.912751677852349
ambati,1989,299,276,0.9230769230769231
ambati,1990,272,245,0.9007352941176471
ambati,1991,273,232,0.8498168498168498
ambati,1992,264,249,0.9431818181818182
ambati,1993,267,272,1.0187265917602997
ambati,1994,250,287,1.148
ambati,1995,235,293,1.2468085106382978
avula,1987,281,233,0.8291814946619217
avula,1988,306,284,0.9281045751633987
avula,1989,337,280,0.8308605341246291
avula,1990,261,262,1.003831417624521
avula,1991,337,312,0.9258160237388724
avula,1992,360,323,0.8972222222222223
avula,1993,360,357,0.9916666666666667
avula,1994,340,386,1.1352941176470588
avula,1995,304,407,1.3388157894736843
balla,1988,260,243,0.9346153846153846
bandaru,1958,270,264,0.9777777777777777
bandaru,1959,342,273,0.7982456140350878
bandaru,1960,246,264,1.0731707317073171
bandaru,1961,269,300,1.1152416356877324
bandaru,1962,295,280,0.9491525423728814
bandaru,1963,343,333,0.9708454810495627
bandaru,1964,358,323,0.9022346368715084
bandaru,1965,299,288,0.9632107023411371
bandaru,1966,325,294,0.9046153846153846
bandaru,1967,358,362,1.011173184357542
bandaru,1968,375,400,1.0666666666666667
bandaru,1969,456,434,0.9517543859649122
bandaru,1970,393,355,0.9033078880407125
bandaru,1971,418,415,0.992822966507177
bandaru,1972,423,392,0.9267139479905437
bandaru,1973,498,444,0.891566265060241
bandaru,1974,528,434,0.821969696969697
bandaru,1975,444,436,0.9819819819819819
bandaru,1976,470,466,0.9914893617021276
bandaru,1977,498,478,0.9598393574297188
bandaru,1978,566,526,0.9293286219081273
bandaru,1979,557,506,0.9084380610412927
bandaru,1980,510,505,0.9901960784313726
bandaru,1981,482,456,0.946058091286307
bandaru,1982,490,431,0.8795918367346939
bandaru,1983,612,497,0.8120915032679739
bandaru,1984,609,594,0.9753694581280788
bandaru,1985,670,617,0.9208955223880597
bandaru,1986,751,742,0.9880159786950732
bandaru,1987,731,712,0.9740082079343365
bandaru,1988,742,746,1.005390835579515
bandaru,1989,768,686,0.8932291666666666
bandaru,1990,638,578,0.9059561128526645
bandaru,1991,608,554,0.9111842105263158
bandaru,1992,636,571,0.8977987421383647
bandaru,1993,634,592,0.9337539432176656
bandaru,1994,620,624,1.0064516129032257
bandaru,1995,520,678,1.3038461538461539
bandaru,1996,389,534,1.3727506426735219
bandi,1957,299,235,0.7859531772575251
bandi,1961,297,238,0.8013468013468014
bandi,1962,320,291,0.909375
bandi,1963,314,279,0.8885350318471338
bandi,1964,280,288,1.0285714285714285
bandi,1966,337,346,1.0267062314540059
bandi,1967,384,374,0.9739583333333334
bandi,1968,394,378,0.9593908629441624
bandi,1969,365,366,1.0027397260273974
bandi,1970,335,362,1.0805970149253732
bandi,1971,404,397,0.9826732673267327
bandi,1972,486,412,0.8477366255144033
bandi,1973,416,407,0.9783653846153846
bandi,1974,443,440,0.9932279909706546
bandi,1975,380,401,1.055263157894737
bandi,1976,473,457,0.9661733615221987
bandi,1977,535,513,0.9588785046728971
bandi,1978,559,561,1.003577817531306
bandi,1979,506,511,1.0098814229249011
bandi,1980,477,411,0.8616352201257862
bandi,1981,540,439,0.812962962962963
bandi,1982,520,488,0.9384615384615385
bandi,1983,633,550,0.8688783570300158
bandi,1984,646,613,0.9489164086687306
bandi,1985,697,672,0.9641319942611191
bandi,1986,806,720,0.8933002481389578
bandi,1987,721,674,0.9348127600554785
bandi,1988,768,672,0.875
bandi,1989,792,662,0.8358585858585859
bandi,1990,652,611,0.9371165644171779
bandi,1991,687,609,0.8864628820960698
bandi,1992,719,655,0.9109874826147427
bandi,1993,749,676,0.9025367156208278
bandi,1994,652,676,1.0368098159509203
bandi,1995,556,730,1.3129496402877698
bandi,1996,410,517,1.2609756097560976
bathula,1962,275,233,0.8472727272727273
bathula,1967,311,305,0.9807073954983923
bathula,1968,290,273,0.9413793103448276
bathula,1969,302,288,0.9536423841059603
bathula,1971,322,281,0.8726708074534162
bathula,1972,358,358,1.0
bathula,1973,333,299,0.8978978978978979
bathula,1974,306,343,1.1209150326797386
bathula,1975,331,285,0.8610271903323263
bathula,1976,340,343,1.0088235294117647
bathula,1977,437,374,0.8558352402745996
bathula,1978,394,413,1.0482233502538072
bathula,1979,406,418,1.0295566502463054
bathula,1980,293,303,1.0341296928327646
bathula,1981,339,311,0.9174041297935103
bathula,1982,329,306,0.9300911854103343
bathula,1983,413,407,0.9854721549636803
bathula,1984,478,419,0.8765690376569037
bathula,1985,418,437,1.0454545454545454
bathula,1986,481,460,0.9563409563409564
bathula,1987,374,349,0.9331550802139037
bathula,1988,427,356,0.8337236533957846
bathula,1989,370,310,0.8378378378378378
bathula,1990,302,272,0.9006622516556292
bathula,1992,285,232,0.8140350877192982
bathula,1993,282,299,1.0602836879432624
bathula,1994,312,282,0.9038461538461539
bathula,1995,260,301,1.1576923076923078
battula,1983,296,220,0.7432432432432432
battula,1984,296,264,0.8918918918918919
battula,1985,319,299,0.9373040752351097
battula,1986,398,376,0.9447236180904522
battula,1987,454,413,0.9096916299559471
battula,1988,544,428,0.7867647058823529
battula,1989,516,465,0.9011627906976745
battula,1990,487,408,0.837782340862423
battula,1991,513,477,0.9298245614035088
battula,1992,518,440,0.8494208494208494
battula,1993,456,503,1.1030701754385965
battula,1994,492,426,0.8658536585365854
battula,1995,357,395,1.1064425770308124
battula,1996,237,325,1.371308016877637
boddu,1962,244,263,1.0778688524590163
boddu,1967,333,296,0.8888888888888888
boddu,1968,274,245,0.8941605839416058
boddu,1969,362,276,0.7624309392265194
boddu,1971,301,285,0.946843853820598
boddu,1972,365,312,0.8547945205479452
boddu,1973,318,302,0.949685534591195
boddu,1974,321,300,0.9345794392523364
boddu,1975,310,325,1.0483870967741935
boddu,1976,339,302,0.8908554572271387
boddu,1977,382,405,1.0602094240837696
boddu,1978,365,423,1.158904109589041
boddu,1979,455,466,1.024175824175824
boddu,1980,344,368,1.069767441860465
boddu,1981,339,341,1.0058997050147493
boddu,1982,379,335,0.8839050131926122
boddu,1983,372,378,1.0161290322580645
boddu,1984,521,467,0.8963531669865643
boddu,1985,532,507,0.9530075187969925
boddu,1986,587,587,1.0
boddu,1987,584,549,0.940068493150685
boddu,1988,599,553,0.9232053422370617
boddu,1989,603,547,0.9071310116086235
boddu,1990,518,488,0.9420849420849421
boddu,1991,472,423,0.8961864406779662
boddu,1992,487,431,0.8850102669404517
boddu,1993,503,474,0.9423459244532804
boddu,1994,409,447,1.0929095354523228
boddu,1995,364,470,1.2912087912087913
boddu,1996,273,360,1.3186813186813187
bokka,1985,292,306,1.047945205479452
bokka,1986,302,275,0.9105960264900662
bokka,1987,270,274,1.0148148148148148
bokka,1988,293,276,0.9419795221843004
bokka,1989,297,260,0.8754208754208754
boya,1986,298,261,0.8758389261744967
boya,1987,324,275,0.8487654320987654
boya,1988,381,333,0.8740157480314961
boya,1989,442,373,0.8438914027149321
boya,1990,475,457,0.9621052631578947
boya,1991,658,564,0.8571428571428571
boya,1992,743,597,0.8034993270524899
boya,1993,1023,915,0.8944281524926686
boya,1994,1072,1076,1.0037313432835822
boya,1995,812,1123,1.3830049261083743
boya,1996,511,739,1.446183953033268
boya,1997,251,321,1.2788844621513944
chakali,1991,366,291,0.7950819672131147
chakali,1992,349,297,0.8510028653295129
chakali,1993,487,436,0.8952772073921971
chakali,1994,552,516,0.9347826086956522
chakali,1995,392,560,1.4285714285714286
chakali,1996,230,379,1.6478260869565218
chakma,1974,188,321,1.7074468085106382
chakma,1975,225,316,1.4044444444444444
chakma,1976,227,298,1.3127753303964758
chakma,1977,212,313,1.4764150943396226
chakma,1978,237,359,1.5147679324894514
chakma,1979,279,383,1.3727598566308243
chakma,1980,321,443,1.3800623052959502
chakma,1981,267,366,1.3707865168539326
chakma,1982,328,413,1.2591463414634145
chakma,1983,344,446,1.2965116279069768
chakma,1984,436,521,1.194954128440367
chakma,1985,422,480,1.1374407582938388
chakma,1986,415,489,1.1783132530120481
chakma,1987,487,503,1.0328542094455853
chakma,1988,488,549,1.125
chakma,1989,541,658,1.2162661737523106
chakma,1990,713,737,1.0336605890603086
chakma,1991,687,693,1.0087336244541485
chakma,1992,836,920,1.1004784688995215
chakma,1993,842,905,1.0748218527315914
chakma,1994,850,993,1.168235294117647
chakma,1995,698,845,1.2106017191977076
chakma,1996,638,884,1.3855799373040751
chakma,1997,698,926,1.326647564469914
chakma,1998,581,792,1.3631669535283992
challa,1957,290,290,1.0
challa,1959,256,249,0.97265625
challa,1961,262,284,1.083969465648855
challa,1962,340,313,0.9205882352941176
challa,1963,293,267,0.9112627986348123
challa,1964,287,260,0.9059233449477352
challa,1965,259,264,1.0193050193050193
challa,1966,324,322,0.9938271604938271
challa,1967,414,360,0.8695652173913043
challa,1968,340,331,0.9735294117647059
challa,1969,384,359,0.9348958333333334
challa,1970,318,297,0.9339622641509434
challa,1971,428,376,0.8785046728971962
challa,1972,482,434,0.9004149377593361
challa,1973,394,422,1.0710659898477157
challa,1974,431,385,0.8932714617169374
challa,1975,388,383,0.9871134020618557
challa,1976,471,427,0.9065817409766455
challa,1977,516,500,0.9689922480620154
challa,1978,484,554,1.1446280991735538
challa,1979,481,524,1.0893970893970895
challa,1980,440,412,0.9363636363636364
challa,1981,476,405,0.8508403361344538
challa,1982,507,465,0.9171597633136095
challa,1983,618,557,0.901294498381877
challa,1984,699,608,0.8698140200286123
challa,1985,649,583,0.8983050847457628
challa,1986,795,699,0.879245283018868
challa,1987,706,612,0.8668555240793201
challa,1988,750,641,0.8546666666666667
challa,1989,748,655,0.8756684491978609
challa,1990,615,588,0.9560975609756097
challa,1991,644,589,0.9145962732919255
challa,1992,671,612,0.9120715350223547
challa,1993,681,641,0.9412628487518355
challa,1994,603,641,1.0630182421227197
challa,1995,475,631,1.328421052631579
challa,1996,360,441,1.225
chinta,1977,262,256,0.9770992366412213
chinta,1978,284,255,0.897887323943662
chinta,1983,274,238,0.8686131386861314
chinta,1984,311,272,0.8745980707395499
chinta,1985,330,321,0.9727272727272728
chinta,1986,330,351,1.0636363636363637
chinta,1987,336,321,0.9553571428571429
chinta,1988,350,344,0.9828571428571429
chinta,1989,328,307,0.9359756097560976
chinta,1990,280,278,0.9928571428571429
chinta,1991,276,279,1.0108695652173914
chinta,1992,261,257,0.9846743295019157
chintapalli,1985,248,257,1.0362903225806452
chintapalli,1986,280,262,0.9357142857142857
chintapalli,1987,266,252,0.9473684210526315
chukka,1985,283,258,0.911660777385159
chukka,1986,328,309,0.9420731707317073
chukka,1987,341,304,0.8914956011730205
chukka,1988,352,305,0.8664772727272727
chukka,1989,277,270,0.9747292418772563
chukka,1990,274,254,0.927007299270073
das,1962,202,314,1.5544554455445545
das,1964,211,340,1.6113744075829384
das,1965,215,323,1.5023255813953489
das,1966,249,359,1.4417670682730923
das,1967,283,407,1.4381625441696113
das,1968,296,383,1.2939189189189189
das,1969,345,447,1.2956521739130435
das,1970,321,393,1.2242990654205608
das,1971,336,436,1.2976190476190477
das,1972,387,455,1.1757105943152455
das,1973,331,429,1.29607250755287
das,1974,376,410,1.0904255319148937
das,1975,335,439,1.31044776119403
das,1976,401,479,1.1945137157107233
das,1977,436,480,1.1009174311926606
das,1978,421,449,1.0665083135391924
das,1979,401,468,1.167082294264339
das,1980,404,513,1.2698019801980198
das,1981,520,506,0.9730769230769231
das,1982,445,518,1.1640449438202247
das,1983,533,535,1.00375234521576
das,1984,492,563,1.1443089430894309
das,1985,500,593,1.186
das,1986,480,581,1.2104166666666667
das,1987,507,581,1.1459566074950691
das,1988,555,644,1.1603603603603603
das,1989,497,650,1.3078470824949697
das,1990,386,511,1.3238341968911918
das,1991,409,473,1.156479217603912
das,1992,418,452,1.0813397129186604
das,1993,374,475,1.2700534759358288
das,1994,359,427,1.1894150417827298
das,1995,299,357,1.193979933110368
das,1996,248,310,1.25
dasari,1947,309,267,0.8640776699029126
dasari,1949,258,273,1.058139534883721
dasari,1951,297,268,0.9023569023569024
dasari,1952,329,363,1.1033434650455927
dasari,1953,360,292,0.8111111111111111
dasari,1954,330,272,0.8242424242424242
dasari,1955,277,299,1.0794223826714802
dasari,1956,356,319,0.8960674157303371
dasari,1957,449,510,1.135857461024499
dasari,1958,456,406,0.8903508771929824
dasari,1959,475,444,0.9347368421052632
dasari,1960,368,367,0.9972826086956522
dasari,1961,488,471,0.9651639344262295
dasari,1962,620,590,0.9516129032258065
dasari,1963,556,518,0.9316546762589928
dasari,1964,505,525,1.0396039603960396
dasari,1965,505,467,0.9247524752475248
dasari,1966,582,592,1.0171821305841924
dasari,1967,745,752,1.0093959731543625
dasari,1968,692,611,0.8829479768786127
dasari,1969,700,713,1.0185714285714285
dasari,1970,613,599,0.9771615008156607
dasari,1971,808,697,0.8626237623762376
dasari,1972,897,832,0.927536231884058
dasari,1973,818,747,0.91320293398533
dasari,1974,820,806,0.9829268292682927
dasari,1975,746,732,0.9812332439678284
dasari,1976,872,841,0.9644495412844036
dasari,1977,996,894,0.8975903614457831
dasari,1978,1050,1003,0.9552380952380952
dasari,1979,964,1009,1.0466804979253113
dasari,1980,813,843,1.03690036900369
dasari,1981,928,846,0.9116379310344828
dasari,1982,928,837,0.9019396551724138
dasari,1983,1038,993,0.9566473988439307
dasari,1984,1326,1152,0.8687782805429864
dasari,1985,1290,1264,0.9798449612403101
dasari,1986,1474,1397,0.9477611940298507
dasari,1987,1442,1311,0.9091539528432733
dasari,1988,1574,1396,0.8869123252858958
dasari,1989,1431,1274,0.8902865129280224
dasari,1990,1252,1184,0.9456869009584664
dasari,1991,1319,1220,0.9249431387414708
dasari,1992,1347,1282,0.9517446176688938
dasari,1993,1386,1389,1.0021645021645023
dasari,1994,1316,1310,0.9954407294832827
dasari,1995,1086,1370,1.2615101289134438
dasari,1996,765,992,1.296732026143791
dasari,1997,334,445,1.3323353293413174
dkhar,1974,316,303,0.9588607594936709
dkhar,1976,302,304,1.0066225165562914
dkhar,1977,272,230,0.8455882352941176
dkhar,1978,308,291,0.9448051948051948
dkhar,1979,335,313,0.9343283582089552
dkhar,1980,396,342,0.8636363636363636
dkhar,1981,350,309,0.8828571428571429
dkhar,1982,405,361,0.891358024691358
dkhar,1983,363,388,1.0688705234159779
dkhar,1984,497,439,0.8832997987927566
dkhar,1985,439,430,0.979498861047836
dkhar,1986,609,648,1.064039408866995
dkhar,1987,410,452,1.102439024390244
dkhar,1988,482,482,1.0
dkhar,1989,361,406,1.1246537396121883
dkhar,1990,415,453,1.091566265060241
dkhar,1991,391,427,1.092071611253197
dkhar,1992,545,517,0.9486238532110092
dkhar,1993,596,645,1.082214765100671
dkhar,1994,602,630,1.0465116279069768
dkhar,1995,515,466,0.9048543689320389
dkhar,1996,470,458,0.9744680851063829
dkhar,1997,473,454,0.959830866807611
dkhar,1998,373,419,1.123324396782842
dudekula,1984,277,227,0.8194945848375451
dudekula,1986,294,278,0.9455782312925171
dudekula,1987,275,275,1.0
dudekula,1988,349,291,0.833810888252149
dudekula,1989,355,330,0.9295774647887324
dudekula,1990,358,312,0.8715083798882681
dudekula,1991,430,341,0.7930232558139535
dudekula,1992,459,428,0.9324618736383442
dudekula,1993,579,551,0.9516407599309153
dudekula,1994,565,578,1.023008849557522
dudekula,1995,538,686,1.275092936802974
dudekula,1996,347,453,1.3054755043227666
fernandes,1939,383,208,0.5430809399477807
fernandes,1942,372,252,0.6774193548387096
fernandes,1943,309,215,0.6957928802588996
fernandes,1944,673,370,0.549777117384844
fernandes,1945,338,261,0.772189349112426
fernandes,1946,437,324,0.7414187643020596
fernandes,1947,427,273,0.639344262295082
fernandes,1948,431,361,0.8375870069605569
fernandes,1949,635,400,0.6299212598425197
fernandes,1950,458,384,0.8384279475982532
fernandes,1951,464,383,0.8254310344827587
fernandes,1952,588,437,0.7431972789115646
fernandes,1953,413,364,0.8813559322033898
fernandes,1954,752,516,0.6861702127659575
fernandes,1955,433,333,0.76905311778291
fernandes,1956,515,395,0.7669902912621359
fernandes,1957,452,374,0.827433628318584
fernandes,1958,473,421,0.8900634249471459
fernandes,1959,697,619,0.8880918220946915
fernandes,1960,553,449,0.8119349005424955
fernandes,1961,564,488,0.8652482269503546
fernandes,1962,638,562,0.8808777429467085
fernandes,1963,558,493,0.8835125448028673
fernandes,1964,876,781,0.8915525114155252
fernandes,1965,664,616,0.927710843373494
fernandes,1966,760,664,0.8736842105263158
fernandes,1967,723,645,0.8921161825726142
fernandes,1968,723,677,0.9363762102351314
fernandes,1969,934,840,0.8993576017130621
fernandes,1970,735,732,0.9959183673469387
fernandes,1971,660,682,1.0333333333333334
fernandes,1972,774,804,1.0387596899224807
fernandes,1973,626,644,1.0287539936102237
fernandes,1974,1011,883,0.8733926805143423
fernandes,1975,783,688,0.8786717752234994
fernandes,1976,777,700,0.9009009009009009
fernandes,1977,649,640,0.9861325115562404
fernandes,1978,728,654,0.8983516483516484
fernandes,1979,762,741,0.9724409448818898
fernandes,1980,672,629,0.9360119047619048
fernandes,1981,671,706,1.052160953800298
fernandes,1982,707,695,0.983026874115983
fernandes,1983,719,683,0.9499304589707928
fernandes,1984,660,643,0.9742424242424242
fernandes,1985,625,650,1.04
fernandes,1986,627,607,0.9681020733652312
fernandes,1987,492,421,0.8556910569105691
fernandes,1988,479,418,0.872651356993737
fernandes,1989,475,368,0.7747368421052632
fernandes,1990,468,449,0.9594017094017094
fernandes,1991,611,559,0.9148936170212766
fernandes,1992,547,548,1.0018281535648994
fernandes,1993,512,487,0.951171875
fernandes,1994,448,494,1.1026785714285714
fernandes,1995,540,507,0.9388888888888889
fernandes,1996,494,532,1.0769230769230769
fernandes,1997,489,506,1.034764826175869
fernandes,1998,391,436,1.1150895140664963
gaddam,1983,280,231,0.825
gaddam,1984,331,240,0.7250755287009063
gaddam,1985,293,260,0.8873720136518771
gaddam,1986,280,289,1.0321428571428573
gaddam,1987,319,264,0.8275862068965517
gaddam,1988,350,291,0.8314285714285714
gaddam,1989,301,318,1.0564784053156147
gaddam,1990,292,254,0.8698630136986302
gaddam,1991,285,286,1.0035087719298246
gaddam,1992,303,289,0.9537953795379538
gaddam,1993,307,323,1.0521172638436482
gaddam,1994,308,305,0.9902597402597403
gaddam,1995,256,356,1.390625
ganta,1968,287,251,0.8745644599303136
ganta,1971,266,243,0.9135338345864662
ganta,1972,287,260,0.9059233449477352
ganta,1973,317,298,0.9400630914826499
ganta,1974,284,300,1.056338028169014
ganta,1975,252,275,1.0912698412698412
ganta,1976,289,305,1.055363321799308
ganta,1977,308,313,1.0162337662337662
ganta,1978,365,355,0.9726027397260274
ganta,1979,347,351,1.0115273775216138
ganta,1980,336,318,0.9464285714285714
ganta,1981,322,311,0.9658385093167702
ganta,1982,310,297,0.9580645161290322
ganta,1983,350,302,0.8628571428571429
ganta,1984,385,396,1.0285714285714285
ganta,1985,451,403,0.893569844789357
ganta,1986,518,445,0.859073359073359
ganta,1987,515,499,0.9689320388349515
ganta,1988,499,452,0.905811623246493
ganta,1989,467,481,1.0299785867237687
ganta,1990,415,393,0.946987951807229
ganta,1991,405,383,0.945679012345679
ganta,1992,449,421,0.9376391982182628
ganta,1993,400,445,1.1125
ganta,1994,414,385,0.9299516908212561
ganta,1995,337,429,1.2729970326409497
ganta,1996,239,349,1.4602510460251046
gaonkar,1944,326,223,0.6840490797546013
gaonkar,1949,296,226,0.7635135135135135
gaonkar,1954,395,329,0.8329113924050633
gaonkar,1959,470,464,0.9872340425531915
gaonkar,1962,332,311,0.9367469879518072
gaonkar,1964,592,518,0.875
gaonkar,1965,298,278,0.9328859060402684
gaonkar,1966,398,372,0.9346733668341709
gaonkar,1967,281,287,1.0213523131672597
gaonkar,1968,297,350,1.1784511784511784
gaonkar,1969,660,596,0.9030303030303031
gaonkar,1970,294,335,1.1394557823129252
gaonkar,1971,318,339,1.0660377358490567
gaonkar,1972,471,524,1.1125265392781316
gaonkar,1973,335,341,1.017910447761194
gaonkar,1974,713,639,0.8962131837307152
gaonkar,1975,419,421,1.0047732696897376
gaonkar,1976,562,518,0.9217081850533808
gaonkar,1977,427,352,0.8243559718969555
gaonkar,1978,402,402,1.0
gaonkar,1979,604,568,0.9403973509933775
gaonkar,1980,448,507,1.1316964285714286
gaonkar,1981,468,500,1.0683760683760684
gaonkar,1982,450,536,1.191111111111111
gaonkar,1983,465,463,0.9956989247311828
gaonkar,1984,489,570,1.165644171779141
gaonkar,1985,398,568,1.4271356783919598
gaonkar,1986,471,534,1.1337579617834395
gaonkar,1987,318,288,0.9056603773584906
gaonkar,1988,341,283,0.8299120234604106
gaonkar,1989,321,341,1.0623052959501558
gaonkar,1990,378,347,0.917989417989418
gaonkar,1991,417,439,1.052757793764988
gaonkar,1992,404,442,1.0940594059405941
gaonkar,1993,411,407,0.9902676399026764
gaonkar,1994,364,387,1.0631868131868132
gaonkar,1995,375,430,1.1466666666666667
gaonkar,1996,411,406,0.9878345498783455
gaonkar,1997,349,405,1.160458452722063
gaonkar,1998,284,322,1.1338028169014085
gari,1981,290,246,0.8482758620689655
gari,1983,360,251,0.6972222222222222
gari,1984,393,298,0.7582697201017812
gari,1985,410,368,0.8975609756097561
gari,1986,463,410,0.8855291576673866
gari,1987,498,425,0.8534136546184738
gari,1988,562,530,0.9430604982206405
gari,1989,626,565,0.902555910543131
gari,1990,502,538,1.0717131474103585
gari,1991,602,505,0.8388704318936877
gari,1992,636,507,0.7971698113207547
gari,1993,732,608,0.8306010928961749
gari,1994,721,719,0.9972260748959778
gari,1995,583,682,1.169811320754717
gari,1996,371,467,1.2587601078167117
gaude,1964,290,284,0.9793103448275862
gaude,1969,353,304,0.8611898016997167
gaude,1974,414,343,0.8285024154589372
gaude,1979,289,234,0.8096885813148789
geddam,1986,278,237,0.8525179856115108
geddam,1987,262,238,0.9083969465648855
gedela,1986,268,242,0.9029850746268657
gedela,1987,240,263,1.0958333333333334
gedela,1988,239,271,1.1338912133891212
golla,1976,283,271,0.9575971731448764
golla,1977,267,290,1.0861423220973783
golla,1978,277,282,1.0180505415162455
golla,1979,257,273,1.0622568093385214
golla,1983,326,240,0.7361963190184049
golla,1984,347,326,0.9394812680115274
golla,1985,366,378,1.0327868852459017
golla,1986,428,405,0.9462616822429907
golla,1987,445,447,1.0044943820224719
golla,1988,464,422,0.9094827586206896
golla,1989,466,487,1.0450643776824033
golla,1990,437,467,1.068649885583524
golla,1991,513,461,0.898635477582846
golla,1992,560,510,0.9107142857142857
golla,1993,655,654,0.9984732824427481
golla,1994,614,682,1.1107491856677525
golla,1995,513,636,1.239766081871345
golla,1996,328,483,1.4725609756097562
gollapalli,1987,260,243,0.9346153846153846
gubbala,1984,308,236,0.7662337662337663
gubbala,1985,304,284,0.9342105263157895
gubbala,1986,313,301,0.9616613418530351
gubbala,1987,304,311,1.0230263157894737
gubbala,1988,263,333,1.2661596958174905
gubbala,1989,305,304,0.9967213114754099
gubbala,1990,252,254,1.007936507936508
gubbala,1991,268,253,0.9440298507462687
gurram,1984,318,215,0.6761006289308176
gurram,1985,257,257,1.0
gurram,1986,311,258,0.8295819935691319
gurram,1987,277,245,0.8844765342960289
gurram,1988,304,286,0.9407894736842105
gurram,1989,281,276,0.9822064056939501
gurram,1992,250,263,1.052
gurram,1993,279,305,1.093189964157706
gurram,1994,276,270,0.9782608695652174
gurram,1995,253,295,1.1660079051383399
guttula,1978,261,264,1.0114942528735633
guttula,1983,265,238,0.8981132075471698
guttula,1984,299,313,1.0468227424749164
guttula,1985,317,330,1.0410094637223974
guttula,1986,329,355,1.0790273556231003
guttula,1987,303,324,1.0693069306930694
guttula,1988,299,294,0.9832775919732442
guttula,1989,264,286,1.0833333333333333
hajong,1965,271,279,1.029520295202952
hajong,1968,269,277,1.029739776951673
hajong,1969,278,280,1.0071942446043165
hajong,1970,313,299,0.9552715654952076
hajong,1971,298,271,0.9093959731543624
hajong,1972,237,281,1.1856540084388185
hajong,1973,300,267,0.89
hajong,1974,299,276,0.9230769230769231
hajong,1975,325,318,0.9784615384615385
hajong,1976,304,294,0.9671052631578947
hajong,1977,285,292,1.024561403508772
hajong,1978,304,269,0.8848684210526315
hajong,1979,255,251,0.984313725490196
hajong,1980,274,270,0.9854014598540146
hajong,1981,311,286,0.9196141479099679
hajong,1982,301,256,0.8504983388704319
hajong,1983,358,334,0.9329608938547486
hajong,1984,401,377,0.940149625935162
hajong,1985,447,429,0.959731543624161
hajong,1986,486,429,0.8827160493827161
hajong,1987,510,521,1.0215686274509803
hajong,1988,464,421,0.9073275862068966
hajong,1989,350,361,1.0314285714285714
hajong,1990,431,408,0.9466357308584686
hajong,1991,351,350,0.9971509971509972
hajong,1992,434,451,1.0391705069124424
hajong,1993,436,453,1.0389908256880733
hajong,1994,432,488,1.1296296296296295
hajong,1995,472,483,1.0233050847457628
hajong,1996,462,508,1.0995670995670996
hajong,1997,471,488,1.0360934182590233
hajong,1998,336,341,1.0148809523809523
haokip,1987,227,279,1.2290748898678414
haokip,1989,249,311,1.248995983935743
haokip,1990,247,272,1.1012145748987854
haokip,1992,301,288,0.9568106312292359
haokip,1993,276,330,1.1956521739130435
haokip,1994,353,407,1.1529745042492918
haokip,1995,334,314,0.9401197604790419
haokip,1996,275,379,1.3781818181818182
haokip,1998,238,307,1.2899159663865547
harijana,1993,329,267,0.8115501519756839
harijana,1994,337,314,0.9317507418397626
kadali,1987,264,246,0.9318181818181818
kadali,1988,272,243,0.8933823529411765
kadali,1989,297,267,0.898989898989899
kadali,1991,290,247,0.8517241379310345
kadali,1992,267,257,0.9625468164794008
kaki,1989,258,254,0.9844961240310077
kandula,1985,250,258,1.032
kandula,1986,297,232,0.7811447811447811
kandula,1988,290,236,0.8137931034482758
karri,1952,244,260,1.0655737704918034
karri,1953,333,309,0.9279279279279279
karri,1954,347,278,0.8011527377521613
karri,1956,322,311,0.9658385093167702
karri,1957,371,349,0.9407008086253369
karri,1958,446,418,0.9372197309417041
karri,1959,418,371,0.8875598086124402
karri,1960,375,361,0.9626666666666667
karri,1961,407,396,0.972972972972973
karri,1962,416,441,1.0600961538461537
karri,1963,524,515,0.982824427480916
karri,1964,467,412,0.8822269807280514
karri,1965,399,445,1.1152882205513786
karri,1966,521,468,0.8982725527831094
karri,1967,544,567,1.0422794117647058
karri,1968,660,615,0.9318181818181818
karri,1969,637,610,0.957613814756672
karri,1970,596,558,0.9362416107382551
karri,1971,671,643,0.9582712369597616
karri,1972,656,629,0.9588414634146342
karri,1973,751,699,0.9307589880159787
karri,1974,682,701,1.0278592375366569
karri,1975,696,742,1.0660919540229885
karri,1976,690,716,1.03768115942029
karri,1977,764,753,0.9856020942408377
karri,1978,850,817,0.9611764705882353
karri,1979,880,876,0.9954545454545455
karri,1980,766,776,1.0130548302872062
karri,1981,739,718,0.9715832205683356
karri,1982,734,687,0.9359673024523161
karri,1983,869,762,0.8768699654775605
karri,1984,1010,910,0.900990099009901
karri,1985,1064,997,0.9370300751879699
karri,1986,1227,1145,0.9331703341483293
karri,1987,1207,1179,0.9768019884009942
karri,1988,1213,1141,0.9406430338004946
karri,1989,1152,1052,0.9131944444444444
karri,1990,969,1003,1.0350877192982457
karri,1991,895,850,0.9497206703910615
karri,1992,946,869,0.9186046511627907
karri,1993,907,885,0.9757442116868799
karri,1994,804,891,1.1082089552238805
karri,1995,691,879,1.2720694645441388
karri,1996,559,756,1.3524150268336315
karri,1997,289,404,1.397923875432526
katta,1962,275,259,0.9418181818181818
katta,1967,333,276,0.8288288288288288
katta,1968,331,263,0.7945619335347432
katta,1969,305,277,0.9081967213114754
katta,1970,287,268,0.9337979094076655
katta,1971,313,311,0.9936102236421726
katta,1972,338,342,1.0118343195266273
katta,1973,374,300,0.8021390374331551
katta,1974,319,317,0.9937304075235109
katta,1975,325,330,1.0153846153846153
katta,1976,371,343,0.9245283018867925
katta,1977,383,386,1.0078328981723237
katta,1978,410,404,0.9853658536585366
katta,1979,348,398,1.1436781609195403
katta,1980,331,317,0.9577039274924471
katta,1981,356,323,0.9073033707865169
katta,1982,374,315,0.8422459893048129
katta,1983,483,426,0.8819875776397516
katta,1984,504,472,0.9365079365079365
katta,1985,530,531,1.0018867924528303
katta,1986,618,522,0.8446601941747572
katta,1987,572,530,0.9265734265734266
katta,1988,596,529,0.8875838926174496
katta,1989,545,528,0.9688073394495413
katta,1990,453,443,0.977924944812362
katta,1991,480,441,0.91875
katta,1992,505,448,0.8871287128712871
katta,1993,459,495,1.0784313725490196
katta,1994,457,460,1.0065645514223194
katta,1995,374,450,1.2032085561497325
katta,1996,275,388,1.410909090909091
kharkongor,1994,279,223,0.7992831541218638
killo,1983,265,266,1.0037735849056604
killo,1984,298,307,1.0302013422818792
killo,1985,371,348,0.9380053908355795
killo,1986,347,280,0.8069164265129684
killo,1987,339,395,1.1651917404129795
killo,1988,367,297,0.8092643051771117
killo,1989,376,361,0.9601063829787234
killo,1990,353,332,0.9405099150141643
killo,1991,282,284,1.0070921985815602
killo,1992,274,237,0.864963503649635
killo,1995,282,252,0.8936170212765957
koch,1987,292,246,0.8424657534246576
koch,1988,335,318,0.9492537313432836
koch,1990,265,238,0.8981132075471698
koch,1997,261,273,1.0459770114942528
kola,1986,277,256,0.924187725631769
kola,1987,277,240,0.8664259927797834
kola,1988,286,284,0.993006993006993
kola,1989,284,256,0.9014084507042254
kola,1991,288,259,0.8993055555555556
kola,1992,280,286,1.0214285714285714
kola,1993,347,332,0.9567723342939481
kola,1994,243,302,1.242798353909465
kola,1995,232,286,1.2327586206896552
kolli,1968,262,252,0.9618320610687023
kolli,1969,279,272,0.974910394265233
kolli,1971,253,266,1.051383399209486
kolli,1972,295,267,0.9050847457627119
kolli,1973,314,301,0.9585987261146497
kolli,1974,276,273,0.9891304347826086
kolli,1975,268,253,0.9440298507462687
kolli,1976,312,315,1.0096153846153846
kolli,1977,325,326,1.003076923076923
kolli,1978,357,302,0.84593837535014
kolli,1979,320,330,1.03125
kolli,1980,297,307,1.0336700336700337
kolli,1981,326,284,0.8711656441717791
kolli,1982,314,292,0.9299363057324841
kolli,1983,329,315,0.9574468085106383
kolli,1984,403,401,0.9950372208436724
kolli,1985,438,371,0.8470319634703196
kolli,1986,487,481,0.9876796714579056
kolli,1987,503,427,0.8489065606361829
kolli,1988,454,435,0.9581497797356828
kolli,1989,459,452,0.9847494553376906
kolli,1990,378,407,1.0767195767195767
kolli,1991,367,373,1.0163487738419619
kolli,1992,384,423,1.1015625
kolli,1993,425,413,0.971764705882353
kolli,1994,355,425,1.1971830985915493
kolli,1995,346,379,1.0953757225433527
kolli,1996,245,311,1.2693877551020407
kona,1986,303,276,0.9108910891089109
kona,1987,301,304,1.0099667774086378
kona,1988,279,302,1.082437275985663
kona,1989,324,313,0.9660493827160493
kona,1990,278,248,0.8920863309352518
kona,1991,234,267,1.141025641025641
kona,1993,245,260,1.0612244897959184
kona,1995,233,270,1.1587982832618027
konda,1982,254,256,1.0078740157480315
konda,1983,316,251,0.7943037974683544
konda,1984,311,332,1.067524115755627
konda,1985,358,316,0.88268156424581
konda,1986,413,314,0.7602905569007264
konda,1987,406,368,0.9064039408866995
konda,1988,410,376,0.9170731707317074
konda,1989,404,393,0.9727722772277227
konda,1990,333,332,0.996996996996997
konda,1991,297,280,0.9427609427609428
konda,1992,334,324,0.9700598802395209
konda,1993,315,334,1.0603174603174603
konda,1994,292,309,1.0582191780821917
konda,1995,246,297,1.2073170731707317
konyak,1985,252,304,1.2063492063492063
konyak,1987,267,310,1.1610486891385767
konyak,1988,273,341,1.249084249084249
konyak,1989,308,359,1.1655844155844155
konyak,1990,399,393,0.9849624060150376
konyak,1991,246,344,1.3983739837398375
konyak,1992,373,434,1.1635388739946382
konyak,1993,389,441,1.1336760925449871
konyak,1994,455,553,1.2153846153846153
konyak,1995,540,606,1.1222222222222222
konyak,1996,571,731,1.2802101576182137
konyak,1997,514,604,1.1750972762645915
konyak,1998,450,563,1.251111111111111
korada,1985,273,239,0.8754578754578755
korada,1986,325,286,0.88
korada,1987,328,290,0.8841463414634146
korada,1988,286,280,0.9790209790209791
korada,1989,270,253,0.937037037037037
korra,1969,314,266,0.8471337579617835
korra,1971,336,311,0.9255952380952381
korra,1972,289,286,0.9896193771626297
korra,1973,346,354,1.023121387283237
korra,1974,308,302,0.9805194805194806
korra,1975,366,289,0.7896174863387978
korra,1976,295,311,1.0542372881355933
korra,1977,424,305,0.7193396226415094
korra,1978,383,323,0.8433420365535248
korra,1979,418,291,0.6961722488038278
korra,1980,365,315,0.863013698630137
korra,1981,446,381,0.8542600896860987
korra,1982,381,355,0.931758530183727
korra,1983,466,436,0.9356223175965666
korra,1984,466,438,0.9399141630901288
korra,1985,562,530,0.9430604982206405
korra,1986,554,543,0.98014440433213
korra,1987,649,592,0.9121725731895224
korra,1988,536,543,1.0130597014925373
korra,1989,669,530,0.7922272047832586
korra,1990,551,513,0.9310344827586207
korra,1991,486,480,0.9876543209876543
korra,1992,446,445,0.9977578475336323
korra,1993,418,425,1.0167464114832536
korra,1994,462,457,0.9891774891774892
korra,1995,445,488,1.0966292134831461
korra,1996,354,443,1.2514124293785311
korra,1997,222,336,1.5135135135135136
kota,1972,273,238,0.8717948717948718
kota,1973,270,243,0.9
kota,1974,283,255,0.901060070671378
kota,1976,264,291,1.1022727272727273
kota,1977,323,297,0.9195046439628483
kota,1978,312,333,1.0673076923076923
kota,1979,322,317,0.984472049689441
kota,1980,284,237,0.8345070422535211
kota,1981,354,303,0.8559322033898306
kota,1982,353,278,0.7875354107648725
kota,1983,387,358,0.9250645994832042
kota,1984,493,420,0.8519269776876268
kota,1985,556,494,0.8884892086330936
kota,1986,624,590,0.9455128205128205
kota,1987,576,511,0.8871527777777778
kota,1988,650,559,0.86
kota,1989,617,617,1.0
kota,1990,598,551,0.9214046822742475
kota,1991,587,628,1.06984667802385
kota,1992,698,627,0.8982808022922636
kota,1993,590,678,1.1491525423728814
kota,1994,590,630,1.0677966101694916
kota,1995,496,611,1.2318548387096775
kota,1996,340,508,1.4941176470588236
kothapalli,1985,241,263,1.0912863070539418
kothapalli,1986,277,271,0.9783393501805054
kuruba,1994,237,277,1.1687763713080168
kuruva,1993,282,266,0.9432624113475178
kuruva,1994,256,296,1.15625
kuruva,1995,243,373,1.5349794238683128
lanka,1985,288,298,1.0347222222222223
lanka,1986,363,331,0.9118457300275482
lanka,1987,310,305,0.9838709677419355
lanka,1988,356,291,0.8174157303370787
lanka,1989,305,324,1.062295081967213
lanka,1990,299,266,0.8896321070234113
lanka,1991,270,286,1.0592592592592593
lanka,1992,255,257,1.007843137254902
lanka,1993,273,255,0.9340659340659341
lanka,1994,253,259,1.023715415019763
lyngdoh,1965,267,236,0.8838951310861424
lyngdoh,1967,238,263,1.1050420168067228
lyngdoh,1968,290,266,0.9172413793103448
lyngdoh,1969,324,290,0.8950617283950617
lyngdoh,1970,308,334,1.0844155844155845
lyngdoh,1971,280,283,1.0107142857142857
lyngdoh,1972,342,299,0.8742690058479532
lyngdoh,1973,355,316,0.8901408450704226
lyngdoh,1974,389,353,0.9074550128534704
lyngdoh,1975,436,398,0.9128440366972477
lyngdoh,1976,397,383,0.964735516372796
lyngdoh,1977,386,363,0.9404145077720207
lyngdoh,1978,428,429,1.0023364485981308
lyngdoh,1979,446,428,0.9596412556053812
lyngdoh,1980,467,480,1.0278372591006424
lyngdoh,1981,429,487,1.1351981351981353
lyngdoh,1982,517,513,0.9922630560928434
lyngdoh,1983,477,488,1.0230607966457024
lyngdoh,1984,608,575,0.9457236842105263
lyngdoh,1985,619,626,1.011308562197092
lyngdoh,1986,643,691,1.0746500777604977
lyngdoh,1987,564,543,0.9627659574468085
lyngdoh,1988,523,584,1.1166347992351817
lyngdoh,1989,461,481,1.0433839479392624
lyngdoh,1990,485,519,1.0701030927835051
lyngdoh,1991,468,460,0.9829059829059829
lyngdoh,1992,607,555,0.914332784184514
lyngdoh,1993,616,635,1.030844155844156
lyngdoh,1994,687,763,1.1106259097525473
lyngdoh,1995,601,546,0.908485856905158
lyngdoh,1996,570,534,0.9368421052631579
lyngdoh,1997,526,526,1.0
lyngdoh,1998,461,452,0.9804772234273319
lyngkhoi,1993,295,254,0.8610169491525423
lyngkhoi,1994,278,271,0.9748201438848921
majji,1986,285,239,0.8385964912280702
majji,1987,320,300,0.9375
majji,1988,329,321,0.9756838905775076
majji,1989,351,292,0.8319088319088319
majji,1990,365,341,0.9342465753424658
majji,1991,344,371,1.0784883720930232
majji,1992,355,326,0.9183098591549296
majji,1993,339,330,0.9734513274336283
majji,1994,327,352,1.0764525993883791
majji,1995,296,343,1.1587837837837838
majji,1996,248,285,1.1491935483870968
malla,1987,281,260,0.9252669039145908
malla,1988,277,233,0.8411552346570397
malla,1989,276,234,0.8478260869565217
mamidi,1977,264,262,0.9924242424242424
mamidi,1979,282,259,0.9184397163120568
mamidi,1983,261,278,1.0651340996168583
mamidi,1984,285,274,0.9614035087719298
mamidi,1985,376,334,0.8882978723404256
mamidi,1986,398,364,0.914572864321608
mamidi,1987,394,411,1.0431472081218274
mamidi,1988,381,348,0.9133858267716536
mamidi,1989,354,323,0.9124293785310734
mamidi,1990,329,344,1.0455927051671732
mamidi,1991,304,305,1.0032894736842106
mamidi,1992,314,310,0.9872611464968153
mamidi,1993,296,296,1.0
mamidi,1994,302,306,1.0132450331125828
mamidi,1995,247,310,1.2550607287449393
manda,1978,276,241,0.8731884057971014
manda,1979,262,247,0.9427480916030534
manda,1983,292,237,0.8116438356164384
manda,1984,318,270,0.8490566037735849
manda,1985,331,300,0.9063444108761329
manda,1986,373,366,0.9812332439678284
manda,1987,321,325,1.0124610591900312
manda,1988,375,356,0.9493333333333334
manda,1989,345,331,0.9594202898550724
manda,1990,283,294,1.03886925795053
manda,1991,283,305,1.0777385159010602
manda,1992,305,275,0.9016393442622951
manda,1993,271,337,1.2435424354243543
manda,1994,272,300,1.1029411764705883
marak,1945,265,299,1.1283018867924528
marak,1946,294,403,1.370748299319728
marak,1947,309,382,1.2362459546925566
marak,1948,336,406,1.2083333333333333
marak,1949,325,376,1.156923076923077
marak,1950,410,489,1.1926829268292682
marak,1951,419,520,1.2410501193317423
marak,1952,393,586,1.491094147582697
marak,1953,470,574,1.221276595744681
marak,1954,491,640,1.3034623217922607
marak,1955,595,766,1.2873949579831934
marak,1956,710,899,1.2661971830985916
marak,1957,752,1024,1.3617021276595744
marak,1958,781,949,1.2151088348271446
marak,1959,782,925,1.1828644501278773
marak,1960,925,1162,1.2562162162162163
marak,1961,1046,1308,1.2504780114722753
marak,1962,1137,1257,1.1055408970976253
marak,1963,1154,1241,1.0753899480069324
marak,1964,1184,1238,1.0456081081081081
marak,1965,1309,1509,1.1527883880825058
marak,1966,1599,1782,1.1144465290806753
marak,1967,1765,1960,1.1104815864022664
marak,1968,1675,1599,0.9546268656716418
marak,1969,1649,1577,0.9563371740448757
marak,1970,1878,1806,0.9616613418530351
marak,1971,2154,2086,0.968430826369545
marak,1972,2045,1988,0.9721271393643032
marak,1973,1933,1682,0.8701500258665287
marak,1974,2033,1813,0.8917855386128873
marak,1975,2110,1964,0.9308056872037914
marak,1976,2548,2392,0.9387755102040817
marak,1977,2584,2229,0.8626160990712074
marak,1978,2257,2162,0.9579087284005317
marak,1979,2327,2130,0.9153416415986249
marak,1980,2444,2369,0.9693126022913257
marak,1981,3017,2789,0.9244282399734836
marak,1982,3099,2836,0.91513391416586
marak,1983,3004,2871,0.9557256990679095
marak,1984,3258,3085,0.9468999386126458
marak,1985,3383,3295,0.9739875849837423
marak,1986,4029,3983,0.9885827748821048
marak,1987,4533,4318,0.9525700419148467
marak,1988,5041,4854,0.962904185677445
marak,1989,3828,4002,1.0454545454545454
marak,1990,3285,3697,1.1254185692541856
marak,1991,2868,3173,1.1063458856345885
marak,1992,2842,3355,1.180506685432794
marak,1993,3377,3825,1.132662126147468
marak,1994,3759,4132,1.0992285182229315
marak,1995,3670,3733,1.01716621253406
marak,1996,3675,3875,1.054421768707483
marak,1997,3543,3578,1.0098786339260513
marak,1998,2670,2814,1.053932584269663
marbaniang,1985,268,250,0.9328358208955224
marbaniang,1986,273,270,0.989010989010989
marbaniang,1992,278,282,1.014388489208633
marbaniang,1993,271,262,0.966789667896679
marbaniang,1994,339,334,0.9852507374631269
marbaniang,1995,281,277,0.9857651245551602
marbaniang,1996,260,243,0.9346153846153846
marri,1983,277,234,0.8447653429602888
marri,1984,278,258,0.9280575539568345
marri,1985,325,311,0.9569230769230769
marri,1986,359,296,0.8245125348189415
marri,1987,336,309,0.9196428571428571
marri,1988,348,313,0.8994252873563219
marri,1989,337,345,1.0237388724035608
marri,1990,295,288,0.976271186440678
marri,1991,303,286,0.9438943894389439
marri,1992,293,261,0.8907849829351536
marri,1993,259,280,1.0810810810810811
marri,1994,279,278,0.996415770609319
matta,1984,315,258,0.819047619047619
matta,1985,314,305,0.9713375796178344
matta,1986,353,335,0.9490084985835694
matta,1987,320,328,1.025
matta,1988,338,310,0.9171597633136095
matta,1989,294,291,0.9897959183673469
matta,1990,260,300,1.1538461538461537
matta,1991,286,331,1.1573426573426573
matta,1992,286,304,1.062937062937063
matta,1993,247,267,1.0809716599190284
matta,1995,236,283,1.1991525423728813
meesala,1983,253,261,1.0316205533596838
meesala,1984,289,274,0.9480968858131488
meesala,1985,319,303,0.9498432601880877
meesala,1986,389,360,0.9254498714652957
meesala,1987,292,329,1.1267123287671232
meesala,1988,367,338,0.9209809264305178
meesala,1989,302,298,0.9867549668874173
meesala,1990,289,271,0.9377162629757786
meesala,1991,335,279,0.8328358208955224
meesala,1992,331,317,0.9577039274924471
meesala,1993,293,299,1.0204778156996588
meesala,1994,337,329,0.9762611275964391
meesala,1995,265,300,1.1320754716981132
mekala,1972,336,296,0.8809523809523809
mekala,1973,267,260,0.9737827715355806
mekala,1974,272,277,1.0183823529411764
mekala,1976,269,291,1.0817843866171004
mekala,1977,366,325,0.8879781420765027
mekala,1978,373,355,0.9517426273458445
mekala,1979,336,319,0.9494047619047619
mekala,1980,270,292,1.0814814814814815
mekala,1981,313,276,0.8817891373801917
mekala,1982,329,284,0.8632218844984803
mekala,1983,383,325,0.8485639686684073
mekala,1984,444,383,0.8626126126126126
mekala,1985,499,430,0.8617234468937875
mekala,1986,523,473,0.904397705544933
mekala,1987,474,472,0.9957805907172996
mekala,1988,527,433,0.8216318785578748
mekala,1989,542,432,0.7970479704797048
mekala,1990,459,437,0.9520697167755992
mekala,1991,522,419,0.8026819923371648
mekala,1992,538,455,0.845724907063197
mekala,1993,525,485,0.9238095238095239
mekala,1994,512,511,0.998046875
mekala,1995,367,509,1.3869209809264305
mekala,1996,244,368,1.5081967213114753
mohammad,1978,195,309,1.5846153846153845
mohammad,1979,209,312,1.492822966507177
mohammad,1980,220,327,1.4863636363636363
mohammad,1981,248,339,1.3669354838709677
mohammad,1982,237,361,1.5232067510548524
mohammad,1983,269,389,1.446096654275093
mohammad,1984,320,434,1.35625
mohammad,1985,323,446,1.3808049535603715
mohammad,1986,377,454,1.2042440318302388
mohammad,1987,408,454,1.1127450980392157
mohammad,1988,404,504,1.2475247524752475
mohammad,1989,396,496,1.2525252525252526
mohammad,1990,379,448,1.1820580474934037
mohammad,1991,350,494,1.4114285714285715
mohammad,1992,403,467,1.1588089330024813
mohammad,1993,434,487,1.1221198156682028
mohammad,1994,353,538,1.5240793201133145
mohammad,1995,393,550,1.3994910941475827
mohammad,1996,338,516,1.5266272189349113
mohammed,1993,217,295,1.359447004608295
mohammed,1995,198,389,1.9646464646464648
mohammed,1996,166,340,2.0481927710843375
momin,1962,255,319,1.2509803921568627
momin,1964,284,314,1.1056338028169015
momin,1965,290,339,1.1689655172413793
momin,1966,357,441,1.2352941176470589
momin,1967,416,513,1.2331730769230769
momin,1968,324,337,1.0401234567901234
momin,1969,311,360,1.157556270096463
momin,1970,364,446,1.2252747252747254
momin,1971,432,492,1.1388888888888888
momin,1972,527,519,0.9848197343453511
momin,1973,406,388,0.9556650246305419
momin,1974,588,529,0.8996598639455783
momin,1975,472,467,0.989406779661017
momin,1976,684,649,0.9488304093567251
momin,1977,694,570,0.8213256484149856
momin,1978,630,574,0.9111111111111111
momin,1979,575,570,0.991304347826087
momin,1980,702,586,0.8347578347578347
momin,1981,802,771,0.9613466334164589
momin,1982,878,719,0.8189066059225513
momin,1983,816,703,0.8615196078431373
momin,1984,982,922,0.9389002036659878
momin,1985,843,830,0.9845788849347569
momin,1986,1162,1154,0.9931153184165232
momin,1987,1106,1060,0.9584086799276673
momin,1988,1415,1374,0.9710247349823321
momin,1989,943,980,1.039236479321315
momin,1990,791,854,1.079646017699115
momin,1991,712,822,1.154494382022472
momin,1992,788,958,1.215736040609137
momin,1993,848,983,1.159198113207547
momin,1994,937,1087,1.16008537886873
momin,1995,953,966,1.0136411332633788
momin,1996,895,917,1.0245810055865923
momin,1997,816,815,0.9987745098039216
momin,1998,688,728,1.058139534883721
naik,1939,441,286,0.6485260770975056
naik,1944,821,505,0.6151035322777101
naik,1946,317,311,0.9810725552050473
naik,1947,236,285,1.2076271186440677
naik,1948,290,362,1.2482758620689656
naik,1949,702,637,0.9074074074074074
naik,1950,357,434,1.2156862745098038
naik,1951,296,432,1.4594594594594594
naik,1952,446,654,1.4663677130044843
naik,1953,317,502,1.583596214511041
naik,1954,984,937,0.9522357723577236
naik,1955,398,532,1.3366834170854272
naik,1956,546,682,1.249084249084249
naik,1957,468,628,1.3418803418803418
naik,1958,471,713,1.5138004246284502
naik,1959,1081,1216,1.1248843663274746
naik,1960,478,690,1.4435146443514644
naik,1961,524,718,1.3702290076335877
naik,1962,700,975,1.3928571428571428
naik,1963,552,814,1.4746376811594204
naik,1964,1288,1460,1.1335403726708075
naik,1965,714,831,1.1638655462184875
naik,1966,905,1150,1.270718232044199
naik,1967,742,988,1.3315363881401616
naik,1968,836,1181,1.4126794258373205
naik,1969,1503,1627,1.0825016633399867
naik,1970,883,1208,1.3680634201585504
naik,1971,887,1206,1.359639233370913
naik,1972,1175,1455,1.2382978723404254
naik,1973,869,1200,1.380897583429229
naik,1974,1711,1755,1.0257159555815312
naik,1975,1073,1227,1.1435228331780056
naik,1976,1247,1554,1.2461908580593424
naik,1977,967,1278,1.3216132368148914
naik,1978,987,1430,1.4488348530901722
naik,1979,1236,1552,1.255663430420712
naik,1980,973,1498,1.539568345323741
naik,1981,950,1371,1.4431578947368422
naik,1982,942,1454,1.5435244161358812
naik,1983,860,1393,1.619767441860465
naik,1984,962,1555,1.6164241164241164
naik,1985,880,1709,1.9420454545454546
naik,1986,854,1845,2.160421545667447
naik,1987,712,1619,2.273876404494382
naik,1988,591,1657,2.8037225042301186
naik,1989,656,1752,2.6707317073170733
naik,1990,743,1822,2.452220726783311
naik,1991,854,1792,2.098360655737705
naik,1992,756,1788,2.365079365079365
naik,1993,687,1576,2.2940320232896654
naik,1994,697,1283,1.8407460545193688
naik,1995,703,1143,1.6258890469416785
naik,1996,743,930,1.2516823687752354
naik,1997,711,863,1.2137834036568214
naik,1998,578,706,1.221453287197232
nakka,1958,295,224,0.7593220338983051
nakka,1961,271,236,0.8708487084870848
nakka,1962,320,284,0.8875
nakka,1963,302,296,0.9801324503311258
nakka,1966,306,290,0.9477124183006536
nakka,1967,365,389,1.0657534246575342
nakka,1968,339,346,1.0206489675516224
nakka,1969,378,333,0.8809523809523809
nakka,1970,341,323,0.9472140762463344
nakka,1971,399,378,0.9473684210526315
nakka,1972,419,411,0.9809069212410502
nakka,1973,468,460,0.9829059829059829
nakka,1974,421,429,1.0190023752969122
nakka,1975,426,411,0.9647887323943662
nakka,1976,444,479,1.0788288288288288
nakka,1977,499,494,0.9899799599198397
nakka,1978,527,516,0.9791271347248577
nakka,1979,497,519,1.0442655935613683
nakka,1980,442,432,0.9773755656108597
nakka,1981,487,476,0.9774127310061602
nakka,1982,469,411,0.8763326226012793
nakka,1983,568,541,0.9524647887323944
nakka,1984,619,627,1.012924071082391
nakka,1985,724,706,0.9751381215469613
nakka,1986,798,796,0.9974937343358395
nakka,1987,787,751,0.9542566709021602
nakka,1988,808,726,0.8985148514851485
nakka,1989,773,757,0.9793014230271668
nakka,1990,653,611,0.9356814701378254
nakka,1991,660,602,0.9121212121212121
nakka,1992,709,674,0.9506346967559943
nakka,1993,694,682,0.9827089337175793
nakka,1994,594,632,1.063973063973064
nakka,1995,518,665,1.2837837837837838
nakka,1996,379,496,1.3087071240105541
nongrum,1983,277,249,0.8989169675090253
nongrum,1984,275,261,0.9490909090909091
nongrum,1985,343,310,0.9037900874635568
nongrum,1986,326,347,1.0644171779141105
nongrum,1987,314,284,0.9044585987261147
nongrum,1988,277,243,0.8772563176895307
nongrum,1989,228,279,1.2236842105263157
nongrum,1990,226,289,1.2787610619469028
nongrum,1992,300,307,1.0233333333333334
nongrum,1993,345,325,0.9420289855072463
nongrum,1994,412,417,1.0121359223300972
nongrum,1995,298,316,1.0604026845637584
nongrum,1996,304,295,0.9703947368421053
nongrum,1997,311,270,0.8681672025723473
padala,1973,257,270,1.0505836575875487
padala,1977,278,236,0.8489208633093526
padala,1978,273,310,1.1355311355311355
padala,1979,274,256,0.9343065693430657
padala,1980,266,267,1.0037593984962405
padala,1983,306,246,0.803921568627451
padala,1984,300,293,0.9766666666666667
padala,1985,358,303,0.8463687150837989
padala,1986,338,346,1.0236686390532543
padala,1987,376,362,0.9627659574468085
padala,1988,355,346,0.9746478873239437
padala,1989,326,325,0.9969325153374233
padala,1990,306,291,0.9509803921568627
padala,1991,291,314,1.0790378006872852
padala,1992,268,255,0.9514925373134329
padala,1993,283,255,0.901060070671378
padala,1994,261,291,1.1149425287356323
padala,1995,254,281,1.1062992125984252
paila,1979,245,269,1.0979591836734695
paila,1985,294,248,0.8435374149659864
paila,1986,306,277,0.9052287581699346
paila,1987,289,275,0.9515570934256056
paila,1988,274,259,0.9452554744525548
paila,1989,271,265,0.977859778597786
palla,1977,245,299,1.220408163265306
palla,1978,308,298,0.9675324675324676
palla,1979,304,303,0.9967105263157895
palla,1980,284,261,0.9190140845070423
palla,1981,267,259,0.9700374531835206
palla,1982,269,256,0.9516728624535316
palla,1983,333,304,0.9129129129129129
palla,1984,339,302,0.8908554572271387
palla,1985,403,334,0.8287841191066998
palla,1986,497,433,0.8712273641851107
palla,1987,459,421,0.9172113289760349
palla,1988,422,448,1.061611374407583
palla,1989,403,393,0.9751861042183623
palla,1990,368,349,0.9483695652173914
palla,1991,333,297,0.8918918918918919
palla,1992,322,368,1.1428571428571428
palla,1993,335,333,0.9940298507462687
palla,1994,270,359,1.3296296296296297
palla,1995,268,357,1.3320895522388059
palli,1966,255,291,1.1411764705882352
palli,1967,245,262,1.0693877551020408
palli,1968,321,253,0.7881619937694704
palli,1969,316,273,0.8639240506329114
palli,1970,262,286,1.0916030534351144
palli,1971,284,316,1.1126760563380282
palli,1972,302,299,0.9900662251655629
palli,1973,370,362,0.9783783783783784
palli,1974,311,368,1.1832797427652733
palli,1975,282,297,1.053191489361702
palli,1976,347,313,0.9020172910662824
palli,1977,400,373,0.9325
palli,1978,437,445,1.0183066361556063
palli,1979,400,404,1.01
palli,1980,426,425,0.9976525821596244
palli,1981,470,409,0.8702127659574468
palli,1982,489,420,0.8588957055214724
palli,1983,611,483,0.79050736497545
palli,1984,585,575,0.9829059829059829
palli,1985,662,628,0.9486404833836858
palli,1986,807,728,0.9021065675340768
palli,1987,780,767,0.9833333333333333
palli,1988,831,815,0.9807460890493381
palli,1989,800,825,1.03125
palli,1990,647,618,0.955177743431221
palli,1991,640,563,0.8796875
palli,1992,587,551,0.938671209540034
palli,1993,580,530,0.9137931034482759
palli,1994,580,632,1.089655172413793
palli,1995,503,656,1.3041749502982107
palli,1996,319,455,1.426332288401254
pangi,1989,330,276,0.8363636363636363
pangi,1990,311,318,1.022508038585209
pangi,1991,273,274,1.0036630036630036
pasupuleti,1967,266,290,1.0902255639097744
pasupuleti,1968,289,289,1.0
pasupuleti,1969,275,249,0.9054545454545454
pasupuleti,1970,244,272,1.1147540983606556
pasupuleti,1971,302,269,0.890728476821192
pasupuleti,1972,317,307,0.9684542586750788
pasupuleti,1973,358,306,0.8547486033519553
pasupuleti,1974,301,306,1.0166112956810631
pasupuleti,1975,294,275,0.935374149659864
pasupuleti,1976,347,330,0.9510086455331412
pasupuleti,1977,393,305,0.7760814249363868
pasupuleti,1978,411,360,0.8759124087591241
pasupuleti,1979,360,347,0.9638888888888889
pasupuleti,1980,347,315,0.9077809798270894
pasupuleti,1981,349,326,0.9340974212034384
pasupuleti,1982,374,379,1.0133689839572193
pasupuleti,1983,448,374,0.8348214285714286
pasupuleti,1984,457,408,0.8927789934354485
pasupuleti,1985,544,437,0.8033088235294118
pasupuleti,1986,540,513,0.95
pasupuleti,1987,479,462,0.964509394572025
pasupuleti,1988,537,460,0.8566108007448789
pasupuleti,1989,543,457,0.8416206261510129
pasupuleti,1990,430,373,0.8674418604651163
pasupuleti,1991,461,368,0.7982646420824295
pasupuleti,1992,468,410,0.8760683760683761
pasupuleti,1993,408,449,1.1004901960784315
pasupuleti,1994,436,401,0.9197247706422018
pasupuleti,1995,371,429,1.15633423180593
pasupuleti,1996,239,330,1.3807531380753137
patan,1989,299,246,0.822742474916388
patan,1990,261,246,0.9425287356321839
patan,1991,338,285,0.8431952662721893
patan,1992,351,298,0.8490028490028491
patan,1993,392,423,1.0790816326530612
patan,1994,351,437,1.245014245014245
patan,1995,334,362,1.0838323353293413
patan,1996,211,310,1.4691943127962086
pathan,1967,316,286,0.9050632911392406
pathan,1968,327,290,0.8868501529051988
pathan,1969,295,265,0.8983050847457628
pathan,1970,270,277,1.025925925925926
pathan,1971,308,287,0.9318181818181818
pathan,1972,365,379,1.0383561643835617
pathan,1973,379,383,1.0105540897097625
pathan,1974,364,327,0.8983516483516484
pathan,1975,320,369,1.153125
pathan,1976,365,395,1.082191780821918
pathan,1977,395,415,1.0506329113924051
pathan,1978,455,423,0.9296703296703297
pathan,1979,468,435,0.9294871794871795
pathan,1980,423,388,0.91725768321513
pathan,1981,391,392,1.0025575447570332
pathan,1982,441,435,0.9863945578231292
pathan,1983,570,468,0.8210526315789474
pathan,1984,545,500,0.9174311926605505
pathan,1985,578,512,0.8858131487889274
pathan,1986,622,576,0.9260450160771704
pathan,1987,547,521,0.9524680073126143
pathan,1988,684,549,0.8026315789473685
pathan,1989,577,481,0.8336221837088388
pathan,1990,426,419,0.9835680751173709
pathan,1991,476,391,0.8214285714285714
pathan,1992,456,364,0.7982456140350878
pathan,1993,467,450,0.9635974304068522
pathan,1994,412,415,1.0072815533980584
pathan,1995,350,454,1.2971428571428572
pathan,1996,272,331,1.2169117647058822
phom,1998,245,305,1.2448979591836735
pilla,1978,269,235,0.8736059479553904
pilla,1979,285,249,0.8736842105263158
pilla,1984,301,252,0.8372093023255814
pilla,1985,298,305,1.023489932885906
pilla,1986,341,321,0.9413489736070382
pilla,1987,339,352,1.0383480825958702
pilla,1988,373,374,1.002680965147453
pilla,1989,347,320,0.9221902017291066
pilla,1990,283,290,1.0247349823321554
pilla,1991,279,284,1.017921146953405
pilla,1992,254,264,1.0393700787401574
pilla,1993,260,262,1.0076923076923077
pilla,1994,281,274,0.9750889679715302
pilla,1995,246,285,1.1585365853658536
pilli,1967,280,244,0.8714285714285714
pilli,1969,298,262,0.8791946308724832
pilli,1971,289,256,0.8858131487889274
pilli,1972,284,273,0.9612676056338029
pilli,1973,310,324,1.0451612903225806
pilli,1974,309,297,0.9611650485436893
pilli,1975,299,271,0.9063545150501672
pilli,1976,317,347,1.0946372239747635
pilli,1977,347,386,1.1123919308357348
pilli,1978,366,390,1.0655737704918034
pilli,1979,349,326,0.9340974212034384
pilli,1980,332,316,0.9518072289156626
pilli,1981,355,346,0.9746478873239437
pilli,1982,354,312,0.8813559322033898
pilli,1983,447,404,0.9038031319910514
pilli,1984,478,411,0.8598326359832636
pilli,1985,572,503,0.8793706293706294
pilli,1986,659,554,0.8406676783004552
pilli,1987,570,587,1.0298245614035089
pilli,1988,543,547,1.007366482504604
pilli,1989,549,534,0.9726775956284153
pilli,1990,527,459,0.8709677419354839
pilli,1991,508,446,0.8779527559055118
pilli,1992,458,503,1.0982532751091703
pilli,1993,444,468,1.054054054054054
pilli,1994,385,421,1.0935064935064935
pilli,1995,335,450,1.3432835820895523
pilli,1996,254,308,1.2125984251968505
puli,1986,321,259,0.8068535825545171
puli,1987,282,289,1.024822695035461
puli,1988,285,239,0.8385964912280702
puli,1989,294,265,0.9013605442176871
rabha,1983,263,261,0.9923954372623575
rabha,1984,269,235,0.8736059479553904
rabha,1985,356,280,0.7865168539325843
rabha,1986,420,346,0.8238095238095238
rabha,1987,464,476,1.0258620689655173
rabha,1989,286,254,0.8881118881118881
rabha,1990,336,355,1.056547619047619
rabha,1991,293,278,0.9488054607508533
rabha,1992,308,274,0.8896103896103896
rabha,1993,326,284,0.8711656441717791
rabha,1994,376,369,0.9813829787234043
rabha,1995,356,346,0.9719101123595506
rabha,1996,360,347,0.9638888888888889
rabha,1997,314,374,1.1910828025477707
rabha,1998,246,275,1.1178861788617886
rai,1988,212,290,1.3679245283018868
ramana,1970,111,451,4.063063063063063
ramana,1971,115,431,3.747826086956522
ramana,1972,140,479,3.4214285714285713
ramana,1973,169,523,3.094674556213018
ramana,1974,149,466,3.12751677852349
ramana,1975,150,393,2.62
ramana,1976,158,500,3.1645569620253164
ramana,1977,191,431,2.256544502617801
ramana,1978,219,467,2.132420091324201
ramana,1979,178,506,2.842696629213483
ramana,1980,160,511,3.19375
ramana,1981,184,481,2.614130434782609
ramana,1982,184,444,2.4130434782608696
ramana,1983,252,538,2.134920634920635
ramana,1984,296,562,1.8986486486486487
ramana,1985,274,660,2.408759124087591
ramana,1986,308,794,2.5779220779220777
ramana,1987,318,801,2.518867924528302
ramana,1988,332,789,2.3765060240963853
ramana,1989,296,757,2.5574324324324325
ramana,1990,225,628,2.7911111111111113
ramana,1991,194,620,3.195876288659794
ramana,1992,208,574,2.7596153846153846
ramana,1993,120,429,3.575
reddi,1983,174,380,2.1839080459770117
reddi,1984,215,428,1.9906976744186047
reddi,1985,233,540,2.3175965665236054
reddi,1986,272,650,2.389705882352941
reddi,1987,293,773,2.638225255972696
reddi,1988,295,853,2.8915254237288135
reddi,1989,349,923,2.644699140401146
reddi,1990,353,741,2.0991501416430594
reddi,1991,310,632,2.0387096774193547
reddi,1992,281,464,1.6512455516014235
reddi,1993,289,406,1.4048442906574394
reddi,1994,270,325,1.2037037037037037
sangma,1945,281,344,1.2241992882562278
sangma,1946,304,425,1.3980263157894737
sangma,1947,330,429,1.3
sangma,1948,348,471,1.353448275862069
sangma,1949,367,436,1.1880108991825613
sangma,1950,438,566,1.2922374429223744
sangma,1951,444,584,1.3153153153153154
sangma,1952,474,674,1.4219409282700421
sangma,1953,525,659,1.2552380952380953
sangma,1954,578,733,1.268166089965398
sangma,1955,702,750,1.0683760683760684
sangma,1956,816,1037,1.2708333333333333
sangma,1957,880,1205,1.3693181818181819
sangma,1958,881,1050,1.191827468785471
sangma,1959,908,1088,1.198237885462555
sangma,1960,1092,1320,1.2087912087912087
sangma,1961,1185,1425,1.2025316455696202
sangma,1962,1252,1455,1.1621405750798721
sangma,1963,1218,1266,1.0394088669950738
sangma,1964,1324,1505,1.1367069486404835
sangma,1965,1583,1630,1.0296904611497157
sangma,1966,1738,2050,1.1795166858457997
sangma,1967,1958,2096,1.0704800817160367
sangma,1968,1811,1743,0.962451684152402
sangma,1969,1795,1788,0.996100278551532
sangma,1970,2014,1990,0.9880834160873883
sangma,1971,2234,2340,1.0474485228290062
sangma,1972,2233,2345,1.0501567398119123
sangma,1973,2079,1953,0.9393939393939394
sangma,1974,2299,2059,0.8956067855589387
sangma,1975,2269,2121,0.9347730277655355
sangma,1976,2681,2593,0.9671764267064528
sangma,1977,2832,2510,0.8862994350282486
sangma,1978,2526,2351,0.930720506730008
sangma,1979,2556,2412,0.9436619718309859
sangma,1980,2871,2612,0.9097875304771856
sangma,1981,3373,3094,0.9172843166320783
sangma,1982,3456,3286,0.9508101851851852
sangma,1983,3414,3272,0.958406561218512
sangma,1984,3755,3656,0.9736351531291612
sangma,1985,3934,3846,0.9776309100152516
sangma,1986,4860,4713,0.9697530864197531
sangma,1987,5040,4842,0.9607142857142857
sangma,1988,5698,5464,0.9589329589329589
sangma,1989,4397,4548,1.0343415965430975
sangma,1990,3709,4033,1.0873550822324076
sangma,1991,3077,3687,1.1982450438739032
sangma,1992,3452,3884,1.1251448435689455
sangma,1993,3945,4194,1.0631178707224334
sangma,1994,4140,4586,1.1077294685990338
sangma,1995,4016,4282,1.0662350597609562
sangma,1996,4124,4251,1.0307953443258973
sangma,1997,3934,4108,1.0442297915607524
sangma,1998,3089,3078,0.9964389770152153
savara,1990,272,242,0.8897058823529411
savara,1991,335,300,0.8955223880597015
savara,1992,396,345,0.8712121212121212
savara,1993,375,430,1.1466666666666667
savara,1994,418,490,1.1722488038277512
savara,1995,339,463,1.3657817109144543
savara,1996,249,309,1.2409638554216869
sayyad,1957,293,256,0.8737201365187713
sayyad,1962,316,296,0.9367088607594937
sayyad,1963,319,284,0.890282131661442
sayyad,1964,264,260,0.9848484848484849
sayyad,1965,266,287,1.0789473684210527
sayyad,1966,295,309,1.047457627118644
sayyad,1967,368,389,1.0570652173913044
sayyad,1968,345,340,0.9855072463768116
sayyad,1969,350,407,1.1628571428571428
sayyad,1970,301,343,1.1395348837209303
sayyad,1971,417,383,0.9184652278177458
sayyad,1972,404,379,0.9381188118811881
sayyad,1973,433,483,1.115473441108545
sayyad,1974,410,443,1.0804878048780489
sayyad,1975,396,469,1.1843434343434343
sayyad,1976,483,493,1.020703933747412
sayyad,1977,515,517,1.003883495145631
sayyad,1978,537,588,1.094972067039106
sayyad,1979,529,554,1.0472589792060492
sayyad,1980,510,477,0.9352941176470588
sayyad,1981,487,508,1.0431211498973305
sayyad,1982,537,491,0.9143389199255121
sayyad,1983,705,569,0.8070921985815603
sayyad,1984,676,656,0.9704142011834319
sayyad,1985,679,619,0.9116347569955817
sayyad,1986,747,650,0.8701472556894244
sayyad,1987,556,559,1.0053956834532374
sayyad,1988,608,556,0.9144736842105263
sayyad,1989,599,542,0.9048414023372288
sayyad,1990,463,436,0.9416846652267818
sayyad,1991,425,382,0.8988235294117647
sayyad,1992,426,386,0.9061032863849765
sayyad,1993,414,347,0.8381642512077294
sayyad,1994,297,365,1.228956228956229
sayyad,1995,288,326,1.1319444444444444
seelam,1978,290,234,0.8068965517241379
seelam,1983,270,246,0.9111111111111111
seelam,1984,303,280,0.9240924092409241
seelam,1985,337,306,0.9080118694362018
seelam,1986,342,342,1.0
seelam,1987,352,336,0.9545454545454546
seelam,1988,305,289,0.9475409836065574
seelam,1989,320,283,0.884375
seelam,1991,299,273,0.9130434782608695
seelam,1992,305,296,0.9704918032786886
seelam,1993,276,289,1.0471014492753623
seelam,1994,285,271,0.9508771929824561
setti,1988,281,248,0.8825622775800712
setti,1989,271,285,1.051660516605166
setty,1984,224,298,1.3303571428571428
setty,1985,241,279,1.157676348547718
setty,1986,266,301,1.131578947368421
setty,1987,254,255,1.0039370078740157
shaik,1936,293,226,0.7713310580204779
shaik,1937,391,294,0.7519181585677749
shaik,1938,513,406,0.7914230019493177
shaik,1939,441,356,0.8072562358276644
shaik,1940,407,345,0.8476658476658476
shaik,1941,605,536,0.8859504132231405
shaik,1942,711,589,0.8284106891701828
shaik,1943,1031,790,0.7662463627546072
shaik,1944,837,709,0.8470728793309439
shaik,1945,708,699,0.9872881355932204
shaik,1946,1338,1080,0.8071748878923767
shaik,1947,1386,1164,0.8398268398268398
shaik,1948,1832,1444,0.7882096069868996
shaik,1949,1489,1358,0.9120214909335125
shaik,1950,1291,1218,0.9434546862896979
shaik,1951,1851,1652,0.8924905456509995
shaik,1952,1770,1725,0.9745762711864406
shaik,1953,2068,1932,0.9342359767891683
shaik,1954,1770,1898,1.072316384180791
shaik,1955,1519,1667,1.097432521395655
shaik,1956,2205,2092,0.9487528344671202
shaik,1957,2307,2306,0.9995665366276549
shaik,1958,2822,2574,0.9121190644932672
shaik,1959,2466,2386,0.967558799675588
shaik,1960,2428,2518,1.0370675453047775
shaik,1961,3223,3018,0.9363946633571207
shaik,1962,3019,3020,1.0003312355084466
shaik,1963,3640,3578,0.9829670329670329
shaik,1964,3292,3261,0.9905832320777643
shaik,1965,2899,3174,1.0948602966540186
shaik,1966,3944,4043,1.0251014198782962
shaik,1967,3843,3921,1.020296643247463
shaik,1968,4791,4555,0.9507409726570654
shaik,1969,4379,4505,1.0287736926238866
shaik,1970,4285,4541,1.0597432905484248
shaik,1971,5218,5116,0.9804522805672672
shaik,1972,4911,4996,1.0173080838933009
shaik,1973,5823,5674,0.9744118152155247
shaik,1974,5272,5406,1.0254172989377845
shaik,1975,5051,5268,1.042961789744605
shaik,1976,6351,6212,0.9781136828845851
shaik,1977,6152,6449,1.0482769830949286
shaik,1978,7276,7232,0.9939527212754261
shaik,1979,6652,6824,1.0258568851473242
shaik,1980,6647,6631,0.997592899052204
shaik,1981,7579,7136,0.9415490170207151
shaik,1982,7400,7194,0.9721621621621621
shaik,1983,9316,8502,0.9126234435379992
shaik,1984,9705,9251,0.9532199896960329
shaik,1985,9783,9596,0.980885209036083
shaik,1986,12143,11023,0.9077657909906942
shaik,1987,11467,10751,0.937559954652481
shaik,1988,13344,11501,0.8618854916067147
shaik,1989,12992,11563,0.890009236453202
shaik,1990,11360,10188,0.8968309859154929
shaik,1991,12359,10703,0.8660085767456914
shaik,1992,12470,11307,0.9067361668003208
shaik,1993,13226,11901,0.8998185392408892
shaik,1994,12572,12463,0.9913299395482024
shaik,1995,11210,13132,1.1714540588760036
shaik,1996,8017,10003,1.2477235873768242
shaik,1997,3458,4547,1.3149219201850781
shaik,1998,2364,3357,1.4200507614213198
shaik,1999,796,1295,1.6268844221105527
shaikh,1969,276,236,0.855072463768116
shaikh,1974,313,270,0.8626198083067093
shaikh,1979,296,272,0.918918918918919
shaikh,1981,254,262,1.031496062992126
shaikh,1982,262,259,0.9885496183206107
shaikh,1983,260,260,1.0
shaikh,1984,300,272,0.9066666666666666
shaikh,1985,301,266,0.8837209302325582
shaikh,1986,308,280,0.9090909090909091
sharma,1983,168,382,2.2738095238095237
sharma,1984,184,376,2.0434782608695654
sharma,1985,172,370,2.1511627906976742
sharma,1986,182,366,2.010989010989011
sharma,1987,163,384,2.355828220858896
sharma,1988,128,403,3.1484375
sharma,1989,170,433,2.5470588235294116
sharma,1990,151,382,2.5298013245033113
sharma,1991,154,372,2.4155844155844157
sharma,1992,155,379,2.445161290322581
sharma,1994,155,385,2.4838709677419355
sheik,1971,268,244,0.9104477611940298
sheik,1973,275,260,0.9454545454545454
sheik,1974,292,260,0.8904109589041096
sheik,1975,254,278,1.094488188976378
sheik,1976,291,315,1.0824742268041236
sheik,1977,308,346,1.1233766233766234
sheik,1978,366,303,0.8278688524590164
sheik,1979,323,334,1.0340557275541795
sheik,1980,408,306,0.75
sheik,1981,367,345,0.9400544959128065
sheik,1982,431,358,0.8306264501160093
sheik,1983,477,385,0.8071278825995807
sheik,1984,539,467,0.8664192949907236
sheik,1985,578,509,0.8806228373702422
sheik,1986,612,542,0.8856209150326797
sheik,1987,601,540,0.8985024958402662
sheik,1988,689,579,0.8403483309143687
sheik,1989,653,609,0.9326186830015314
sheik,1990,598,561,0.9381270903010034
sheik,1991,586,527,0.8993174061433447
sheik,1992,533,561,1.0525328330206378
sheik,1993,458,515,1.1244541484716157
sheik,1994,353,444,1.2577903682719547
sheik,1995,289,403,1.3944636678200693
shek,1937,314,209,0.6656050955414012
shek,1942,394,303,0.7690355329949239
shek,1943,311,256,0.8231511254019293
shek,1944,290,244,0.8413793103448276
shek,1946,364,340,0.9340659340659341
shek,1947,742,589,0.793800539083558
shek,1948,431,323,0.7494199535962877
shek,1949,480,361,0.7520833333333333
shek,1950,313,303,0.9680511182108626
shek,1951,463,436,0.9416846652267818
shek,1952,900,889,0.9877777777777778
shek,1953,520,474,0.9115384615384615
shek,1954,569,515,0.9050966608084359
shek,1955,502,510,1.0159362549800797
shek,1956,593,611,1.03035413153457
shek,1957,1340,1271,0.9485074626865672
shek,1958,744,673,0.9045698924731183
shek,1959,937,881,0.9402347918890075
shek,1960,685,728,1.0627737226277372
shek,1961,945,851,0.9005291005291005
shek,1962,1581,1572,0.9943074003795066
shek,1963,944,850,0.9004237288135594
shek,1964,976,993,1.0174180327868851
shek,1965,933,924,0.9903536977491961
shek,1966,1032,951,0.9215116279069767
shek,1967,1825,1782,0.9764383561643836
shek,1968,1185,1094,0.9232067510548523
shek,1969,1535,1425,0.9283387622149837
shek,1970,1143,1200,1.0498687664041995
shek,1971,1409,1261,0.8949609652235628
shek,1972,2221,1906,0.8581719945970284
shek,1973,1557,1421,0.9126525369299936
shek,1974,1710,1679,0.9818713450292398
shek,1975,1661,1689,1.01685731487056
shek,1976,1637,1703,1.0403176542455712
shek,1977,2332,2016,0.8644939965694682
shek,1978,2064,2078,1.0067829457364341
shek,1979,2277,2106,0.924901185770751
shek,1980,1682,1484,0.882282996432818
shek,1981,1674,1473,0.8799283154121864
shek,1982,1787,1719,0.961947397873531
shek,1983,1941,1808,0.9314786192684184
shek,1984,2496,2177,0.8721955128205128
shek,1985,2213,2191,0.9900587437867149
shek,1986,1974,1866,0.9452887537993921
shek,1987,1296,1317,1.0162037037037037
shek,1988,1218,1171,0.9614121510673235
shek,1989,1075,955,0.8883720930232558
shek,1990,746,683,0.9155495978552279
shek,1991,566,475,0.8392226148409894
shek,1992,441,373,0.8458049886621315
shek,1993,370,355,0.9594594594594594
shek,1994,251,270,1.0756972111553784
sunkara,1973,272,248,0.9117647058823529
sunkara,1976,277,271,0.9783393501805054
sunkara,1977,273,278,1.0183150183150182
sunkara,1978,269,303,1.1263940520446096
sunkara,1979,284,289,1.017605633802817
sunkara,1980,257,275,1.0700389105058365
sunkara,1981,284,250,0.8802816901408451
sunkara,1982,280,254,0.9071428571428571
sunkara,1983,324,285,0.8796296296296297
sunkara,1984,366,319,0.8715846994535519
sunkara,1985,349,370,1.0601719197707737
sunkara,1986,417,392,0.9400479616306955
sunkara,1987,402,399,0.9925373134328358
sunkara,1988,389,391,1.0051413881748072
sunkara,1989,405,407,1.0049382716049382
sunkara,1990,322,307,0.953416149068323
sunkara,1991,340,312,0.9176470588235294
sunkara,1992,339,329,0.9705014749262537
sunkara,1993,311,317,1.0192926045016077
sunkara,1994,323,345,1.068111455108359
sunkara,1995,252,350,1.3888888888888888
syed,1966,250,281,1.124
syed,1967,261,257,0.9846743295019157
syed,1968,262,322,1.2290076335877862
syed,1969,301,342,1.1362126245847175
syed,1970,274,346,1.2627737226277371
syed,1971,303,397,1.3102310231023102
syed,1972,288,354,1.2291666666666667
syed,1973,340,370,1.088235294117647
syed,1974,309,340,1.1003236245954693
syed,1975,306,380,1.2418300653594772
syed,1976,433,458,1.0577367205542725
syed,1977,314,406,1.2929936305732483
syed,1978,375,457,1.2186666666666666
syed,1979,401,422,1.0523690773067331
syed,1980,418,435,1.0406698564593302
syed,1981,454,546,1.2026431718061674
syed,1982,448,523,1.1674107142857142
syed,1983,507,552,1.0887573964497042
syed,1984,520,618,1.1884615384615385
syed,1985,573,640,1.1169284467713787
syed,1986,667,704,1.055472263868066
syed,1987,662,699,1.055891238670695
syed,1988,743,730,0.9825033647375505
syed,1989,828,839,1.0132850241545894
syed,1990,715,706,0.9874125874125874
syed,1991,803,839,1.0448318804483188
syed,1992,863,858,0.9942062572421785
syed,1993,926,1014,1.0950323974082072
syed,1994,884,1020,1.1538461538461537
syed,1995,879,1134,1.2901023890784984
syed,1996,639,937,1.4663536776212833
syed,1997,289,464,1.6055363321799307
syed,1998,200,320,1.6
talari,1984,253,260,1.0276679841897234
talari,1986,301,292,0.9700996677740864
talari,1987,306,314,1.026143790849673
talari,1988,350,301,0.86
talari,1989,332,278,0.8373493975903614
talari,1990,327,317,0.9694189602446484
talari,1991,397,310,0.7808564231738035
talari,1992,379,337,0.8891820580474934
talari,1993,486,412,0.8477366255144033
talari,1994,487,531,1.0903490759753593
talari,1995,401,501,1.2493765586034913
talari,1996,283,326,1.1519434628975265
talluri,1986,278,224,0.8057553956834532
thota,1957,290,292,1.006896551724138
thota,1958,310,259,0.8354838709677419
thota,1959,271,254,0.9372693726937269
thota,1961,272,268,0.9852941176470589
thota,1962,350,342,0.9771428571428571
thota,1963,361,346,0.9584487534626038
thota,1964,305,329,1.0786885245901638
thota,1965,281,288,1.0249110320284698
thota,1966,363,341,0.9393939393939394
thota,1967,422,394,0.933649289099526
thota,1968,448,406,0.90625
thota,1969,486,383,0.7880658436213992
thota,1970,419,366,0.8735083532219571
thota,1971,437,400,0.9153318077803204
thota,1972,475,462,0.9726315789473684
thota,1973,518,493,0.9517374517374517
thota,1974,472,434,0.9194915254237288
thota,1975,449,423,0.9420935412026726
thota,1976,498,504,1.0120481927710843
thota,1977,516,566,1.0968992248062015
thota,1978,583,549,0.9416809605488851
thota,1979,540,573,1.0611111111111111
thota,1980,461,486,1.054229934924078
thota,1981,477,418,0.8763102725366876
thota,1982,517,464,0.8974854932301741
thota,1983,609,540,0.8866995073891626
thota,1984,683,567,0.8301610541727672
thota,1985,704,689,0.9786931818181818
thota,1986,753,769,1.0212483399734396
thota,1987,663,665,1.0030165912518854
thota,1988,718,621,0.8649025069637883
thota,1989,655,662,1.0106870229007634
thota,1990,567,568,1.001763668430335
thota,1991,627,563,0.89792663476874
thota,1992,615,604,0.9821138211382113
thota,1993,636,677,1.0644654088050314
thota,1994,647,671,1.0370942812983
thota,1995,577,699,1.2114384748700173
thota,1996,405,551,1.3604938271604938
vadde,1992,280,248,0.8857142857142857
vadde,1993,342,341,0.9970760233918129
vadde,1994,363,397,1.09366391184573
vadde,1995,286,388,1.3566433566433567
vantala,1987,272,259,0.9522058823529411
vanthala,1989,291,270,0.9278350515463918
vanthala,1990,272,276,1.0147058823529411
vanthala,1993,260,258,0.9923076923076923
vanthala,1994,267,265,0.9925093632958801
vanthala,1995,293,317,1.081911262798635
vanthala,1996,225,307,1.3644444444444443
vemula,1983,300,280,0.9333333333333333
vemula,1984,308,271,0.8798701298701299
vemula,1985,331,290,0.8761329305135952
vemula,1986,375,335,0.8933333333333333
vemula,1987,398,307,0.7713567839195979
vemula,1988,431,368,0.8538283062645011
vemula,1989,434,387,0.8917050691244239
vemula,1990,369,333,0.9024390243902439
vemula,1991,407,319,0.7837837837837838
vemula,1992,424,404,0.9528301886792453
vemula,1993,410,369,0.9
vemula,1994,376,397,1.0558510638297873
vemula,1995,306,388,1.2679738562091503
venkata,1978,245,309,1.2612244897959184
venkata,1979,267,304,1.1385767790262171
venkata,1980,246,291,1.1829268292682926
venkata,1981,289,300,1.0380622837370241
venkata,1982,310,311,1.0032258064516129
venkata,1983,277,336,1.2129963898916967
venkata,1984,334,413,1.2365269461077844
venkata,1985,340,454,1.3352941176470587
venkata,1986,432,551,1.275462962962963
venkata,1987,424,551,1.2995283018867925
venkata,1988,451,559,1.2394678492239468
venkata,1989,401,565,1.4089775561097257
venkata,1990,348,516,1.4827586206896552
venkata,1991,352,466,1.3238636363636365
venkata,1992,366,545,1.489071038251366
venkata,1993,302,412,1.3642384105960266
venkata,1994,232,297,1.2801724137931034
wangsu,1989,299,275,0.919732441471572
yalla,1986,265,250,0.9433962264150944
