last_name,female,male,sex_ratio
aabhaa,45216,57837,1.2791268577494692
aachaaryy,7309,8522,1.1659597756190998
aachaaya,7024,5696,0.8109339407744874
aadivaasee,5005,7143,1.4271728271728272
aajabamsee,8342,9172,1.09949652361544
aakula,8328,8105,0.9732228626320846
aamgad,6409,4164,0.6497113434233109
aamgadi,8190,8543,1.0431013431013432
aamkus,65931,51056,0.774385342251748
aanamd,58450,64779,1.1082805816937553
aanamdaa,69533,86938,1.250312801116017
aar,5942,8108,1.3645237293840458
aaryaa,12572,9830,0.7818962774419345
aay,12423,17550,1.4127022458343395
abdul,71508,86210,1.2055993734966717
abhay,11142,7609,0.6829115060132831
abraham,14016,17107,1.2205336757990868
adapa,5275,5217,0.9890047393364929
adhikaaree,8407,9653,1.148209825145712
agaravaal,6226,6437,1.0338901381304209
agarwal,8409,9369,1.1141633963610418
aggarwal,18005,18127,1.0067758955845598
agnihoothree,3756,5460,1.4536741214057507
agranjchaala,5477,4862,0.8877122512324265
agravaal,143762,168694,1.1734255227389714
ahiravaar,24408,31126,1.2752376270075385
ajay,50759,41916,0.8257845899249394
ajeeth,6113,5948,0.9730083428758384
ajith,28158,17896,0.6355565025925137
akula,8339,8256,0.9900467681976256
alla,5594,5534,0.9892742223811226
allu,8401,8485,1.009998809665516
amar,16173,10801,0.6678414641686762
ambati,9141,8879,0.9713379280166283
amith,29485,29799,1.0106494827878583
amool,58845,50960,0.8660039085733707
amrith,15164,15285,1.007979424953838
amrithaa,12400,7594,0.6124193548387097
anamth,78367,64899,0.8281419475034134
anamthaa,19326,14975,0.7748628790230777
aneel,5967,6370,1.0675381263616557
anil,255284,143812,0.5633412199746165
anis,6216,7094,1.1412483912483913
annaa,10571,14196,1.342919307539495
antony,11626,14548,1.2513332186478583
anvar,8878,8900,1.0024780355936023
apharooj,9533,11606,1.2174551557746773
ar,5397,4701,0.8710394663702057
aravimd,63231,58480,0.924862804636966
arjoon,9088,9671,1.064150528169014
arjun,87690,96870,1.104686965446459
arooaa,10356,11808,1.1402085747392816
aroodaa,17767,20313,1.143299375246243
aroon,31003,21206,0.6839983227429604
arooraa,9666,10599,1.096523898199876
arora,14627,15738,1.0759554248991592
arun,131912,87779,0.6654360482746073
as,6782,6718,0.9905632556767915
asook,402883,346164,0.8592171920880256
aththaara,5375,5775,1.0744186046511628
athul,28201,16527,0.586043048118861
avula,6560,6479,0.9876524390243903
baa,16300,19018,1.1667484662576688
baabaasoo,14160,15572,1.0997175141242939
baadaa,5760,4620,0.8020833333333334
baadathaa,5784,4511,0.7799100968188105
baaga,81559,57067,0.6997020561801885
baagavaana,7998,8459,1.057639409852463
baagha,19713,12240,0.6209100593516969
baajapeyee,5986,8533,1.4254928165720013
baalaasoo,30408,33147,1.0900749802683505
baalee,12046,8035,0.6670263988045825
baaloo,105653,77561,0.7341107209449803
baalu,47895,35315,0.7373421025159203
baanaraa,7377,7455,1.0105734038226921
baapoo,47347,56280,1.188670876718694
baapu,36634,36046,0.983949336681771
baarika,391720,316548,0.808097620749515
baariki,21542,11252,0.522328474607743
baaske,5716,6190,1.082925122463261
baaskee,11393,11932,1.0473097516018608
baatham,7007,8406,1.1996574853717712
baban,135307,147251,1.088273333973852
baby,10989,8395,0.763945763945764
badaa,4677,6179,1.321146033782339
badabhooiyaa,15652,22620,1.4451827242524917
badigera,24672,26523,1.075024319066148
badoo,58479,77209,1.3202859146018229
baghel,14225,20141,1.4158875219683655
baigaa,10445,15056,1.4414552417424604
bairaagee,6237,7542,1.2092352092352092
baisy,15084,19122,1.2677008750994432
bajaaj,6766,8742,1.2920484776825303
bajaramg,15649,15532,0.9925234839286855
balavamth,18378,25694,1.3980846664490152
balla,6679,6574,0.9842790836951639
bamdivaddara,6863,6621,0.9647384525717616
bamdoo,33766,34134,1.0108985369898715
bamdu,19555,18293,0.9354640756839683
bamsal,20624,26482,1.2840380139643135
banarjee,9152,10627,1.1611669580419581
bandaru,22366,21549,0.9634713404274345
bandi,22425,21368,0.9528651059085842
banik,9481,11205,1.181837358928383
bansal,15588,18734,1.201821914293046
bansee,13146,19543,1.4866118971550282
baraada,6496,5440,0.8374384236453202
barihaa,28997,19093,0.6584474255957513
barman,67323,87998,1.307101584896692
basumathaaee,42041,47621,1.132727575462049
bathina,5259,5053,0.9608290549534132
bathula,14359,13444,0.9362768995055366
battula,9655,8938,0.9257379596064216
be,12340,8924,0.7231766612641816
beharaa,10378,9401,0.9058585469261901
beheraa,396743,327595,0.8257108506010188
behuraa,5894,4737,0.8036986766202918
bellamkonda,5483,5220,0.9520335582710195
bepaari,5950,6046,1.0161344537815127
beraa,6895,6865,0.9956490210297317
besaraa,19359,24880,1.2851903507412572
besraa,6805,4636,0.6812637766348273
beuraa,6094,4603,0.7553331145388907
bhaagavath,35716,44994,1.2597715309665136
bhaalachamdr,19900,25831,1.2980402010050252
bhaaoosoo,6347,7340,1.1564518670237907
bhaarath,62514,37767,0.6041366733851617
bhaarathee,140369,110618,0.7880514928509856
bhaashkar,6770,7175,1.0598227474150665
bhaaskar,81410,90162,1.1075052204888833
bhaatiyaa,12969,14970,1.1542910016192458
bhadouriyaa,8071,10088,1.2499070747119316
bhagavamth,4059,6046,1.489529440748953
bhajamthri,12745,13159,1.0324833267948215
bhakath,5793,6656,1.1489728983255654
bhalaavee,9095,9250,1.017042330951072
bhandaaree,7807,11101,1.421929038042782
bhanjja,6423,4655,0.7247392184337537
bharath,74956,48483,0.6468194674208869
bhatanaagar,8946,9957,1.1130114017437962
bhatat,6845,9004,1.3154127100073045
bhatharaa,8308,5387,0.6484111699566683
bhatia,9623,10194,1.0593370050919673
bhattaachaaryy,8060,9696,1.2029776674937964
bhemgaraa,6566,6440,0.9808102345415778
bhikan,6663,8976,1.3471409275101305
bhimaa,15593,19796,1.269544026165587
bhooia,807602,541246,0.6701890287542627
bhoola,8053,6361,0.7898919657270582
bhoumik,14818,19696,1.3291942232420029
bhuea,63963,33488,0.5235526788924847
bhujamg,4824,5190,1.0758706467661692
bhumiaaa,7719,5091,0.6595413913719393
bhutia,12706,11203,0.8817094286164017
bhuyaa,21870,14935,0.6828989483310471
bindhaanee,10084,6681,0.6625347084490282
biraadaara,34712,38639,1.1131309057386494
bisbaala,103771,79583,0.7669098302994093
bisbaasa,6297,4582,0.7276480863903446
bishooy,6671,5612,0.8412531854294708
bishooyee,7556,5353,0.7084436209634727
bisht,31463,36863,1.171630168769666
bisi,13500,9833,0.7283703703703703
bisooia,10667,7940,0.744351739008156
bisvaala,19023,12328,0.6480576144666982
biswas,7690,9310,1.2106631989596879
boddu,16532,15858,0.9592305831115413
bokka,8475,8439,0.9957522123893805
boodaraa,11100,12487,1.124954954954955
borra,6972,6791,0.9740390131956397
boya,10443,10379,0.9938714928660347
chaakamaa,26008,26954,1.036373423561981
chaamgadev,9719,14109,1.451692560963062
chaavalaa,9543,11591,1.2146075657550037
chacko,8551,10079,1.1786925505788797
chakali,6788,6572,0.9681791396582203
chakma,14808,18610,1.2567531064289572
chakrabarthee,24143,28143,1.1656794930207515
chakravarthee,9831,12796,1.3015969891160615
chalavaadi,10256,9939,0.969091263650546
challa,21636,20598,0.952024403771492
chamdan,5497,5042,0.9172275786792796
chamdoo,8514,10329,1.2131782945736433
chamdrakaamth,163336,175453,1.0741845031101533
chamdu,7264,9950,1.3697687224669604
chanda,5738,5777,1.0067967933077728
chandana,6018,4143,0.6884346959122633
chandel,4989,7113,1.4257366205652435
chandraa,4474,5881,1.3144836835046938
chari,4873,7299,1.4978452698542992
chatarjee,5292,7600,1.436130007558579
chathurvedee,13404,19465,1.4521784541927782
chaugalaa,5496,5772,1.0502183406113537
chaugule,5983,6468,1.0810630118669564
chavhaana,20820,23551,1.1311719500480308
chawla,6749,7386,1.0943843532375166
cherukuri,5644,5178,0.9174344436569809
chethan,14840,14396,0.9700808625336927
chettri,15445,14753,0.9551958562641631
chhagan,21216,20538,0.9680429864253394
chhathiaaa,7772,5352,0.6886258363355635
chinta,10327,10083,0.9763726154740002
chintapalli,7231,6857,0.9482782464389434
chitturi,5199,5061,0.9734564339296018
chopra,7825,7999,1.0222364217252395
choudhuree,40689,48761,1.1983828553171618
chukka,8802,8314,0.9445580549875029
coat,5029,4996,0.9934380592563133
daadaa,26774,29793,1.1127586464480466
daadaasoo,11809,10695,0.9056651706325684
daakuaaa,21760,17222,0.791452205882353
daamoo,14353,21389,1.4902111056921898
daasa,554937,419837,0.756548941591568
dagadoo,50567,73921,1.461842703739593
dagadu,26111,38678,1.4812914097506797
daimaaee,5592,6457,1.1546852646638055
dalaaia,29643,22326,0.7531626353607934
dalavaayi,7214,7692,1.0662600499029664
daleia,33476,25350,0.7572589317720158
dara,6323,6235,0.9860825557488534
dasarath,81277,108970,1.3407236979711357
dasari,41639,40128,0.9637119047047239
daththaa,58981,40791,0.6915955985825943
daththaaraam,29533,36709,1.2429824264382217
daththaathray,170407,194321,1.1403346106674022
daththaathrey,9578,12131,1.266548339945709
daththoo,32306,37822,1.170742276976413
daththu,30651,35321,1.1523604450099507
dayaanamd,16153,13227,0.8188571782331455
de,56268,68236,1.2126963816023317
deb,41591,46615,1.1207953643817172
debabarmaa,143415,144941,1.0106404490464735
debanaath,89688,105833,1.180012933725805
deepa,14054,7965,0.5667425643944785
deepak,27670,21165,0.7649078424286231
dehariyaa,12995,13568,1.0440938822624086
dehuree,92131,62658,0.6800968186603857
dehuri,12740,9028,0.7086342229199372
dekaa,58005,83941,1.4471338677700198
derangula,5174,4841,0.9356397371472749
desaayi,13134,14064,1.0708085883965281
desamukh,5664,6236,1.1009887005649717
dessai,5446,5088,0.9342636797649652
devaanamd,13733,11273,0.8208694385786063
devagam,5063,5964,1.1779577325696227
deveedaas,10898,15000,1.3763993393283172
devidaas,57562,76570,1.3302178520551753
dhaakad,8454,12366,1.4627395315826828
dhala,22379,16482,0.7364940345859958
dhanaajee,26438,20558,0.7775928587639005
dhanamjay,23358,20578,0.8809829608699375
dhanaraaj,36715,37349,1.017268146534114
dharmaa,27424,37518,1.3680717619603266
dharmaraaj,8201,10111,1.232898427021095
dharuaaa,17790,12469,0.7008993816750984
dhavan,4276,5640,1.3189897100093546
dheemaan,8196,11340,1.383601756954612
dhurve,40837,41507,1.0164066900115092
dias,6399,5543,0.8662290982966089
digaala,20163,13042,0.6468283489560085
digambar,42021,45058,1.0722733871159658
dilaavar,4181,6235,1.49127003109304
dileep,238533,153124,0.6419405281449527
dilip,18025,14918,0.827628294036061
dinakar,64669,78502,1.2139046529248945
dines,85501,57285,0.6699921638343411
dipak,150094,81053,0.540014923980972
divaakar,18479,26068,1.4106823962335624
dkhar,14649,13913,0.949757662639088
dodamani,11399,11995,1.052285288183174
doddi,7132,7040,0.9871003925967471
dooraa,18276,13135,0.7187021230028453
doulath,26298,38996,1.4828504068750474
dudekula,9837,9648,0.9807868252516011
duryoodhan,5468,5819,1.0641916605705926
eesvar,33124,26794,0.8088998913174738
ekkaa,21471,17174,0.79986959154208
es,9197,13031,1.4168750679569424
fernandes,36569,31968,0.8741830512182449
francis,5998,6717,1.1198732910970324
gaadabaa,8076,5333,0.6603516592372461
gaagaraaee,7132,8962,1.2565900168255748
gadanaayaka,6575,4482,0.6816730038022814
gaddam,9447,9102,0.9634804699904732
gadi,6611,6291,0.9515958251399184
gadiaaa,9793,9019,0.9209639538445828
gajaanan,153106,155962,1.0186537431583347
gajemdr,7016,5102,0.7271949828962372
gali,7467,7316,0.9797776884960493
gamaangga,8512,5444,0.6395676691729323
gamgaadhar,50459,72796,1.4426762321885094
gamgavaar,15313,14521,0.9482792398615555
gandham,6243,5846,0.9364087778311709
gandi,5895,5898,1.0005089058524173
ganes,216172,131081,0.6063736284070093
ganta,14165,13766,0.9718319802329686
gaonkar,19916,19653,0.9867945370556337
garag,9696,13406,1.3826320132013201
garg,43677,54773,1.2540467522952583
gari,13928,13165,0.9452182653647329
gauda,38522,35135,0.9120762161881523
gaudara,8983,9741,1.0843816097072247
gaude,7840,7016,0.8948979591836734
gawas,5553,5765,1.038177561678372
geddam,6629,6377,0.9619852164730729
gedela,8136,8095,0.994960668633235
george,32129,36534,1.1371035513087864
ghadeia,8976,7381,0.8223039215686274
ghanasaam,5813,7735,1.3306382246688457
ghoodha,6728,4885,0.7260701545778835
ghoosh,43926,55826,1.2709101670992122
ghoosha,7442,5738,0.7710292932007525
gireedhar,4859,5284,1.0874665569047128
girees,12555,9804,0.780884109916368
goel,12591,13892,1.1033277738066873
golla,13143,13083,0.9954348322300844
gollapalli,6681,6347,0.9500074839095943
goochhaaytha,13763,10178,0.7395190002179758
gooil,10079,13603,1.3496378608988988
gookul,18372,15381,0.8371979098628347
goorakh,34926,26707,0.7646738819217774
gooru,6527,4762,0.7295848015933813
goosbaamee,6259,8369,1.3371145550407413
gootham,31286,20342,0.6501949753883526
goovardhan,11743,15215,1.2956655028527633
goovimd,102927,149223,1.4497945145588622
gooyaalaa,8119,9923,1.2221948515827072
gooyal,46322,57866,1.249212037476793
gorle,7699,7621,0.9898688141317055
goud,44276,61404,1.3868461468967386
gouda,59196,53722,0.9075275356443003
gour,8042,10583,1.3159661775677691
goyal,10263,12289,1.1974081652538244
gubbala,9235,8952,0.9693557119653492
gudiyaa,9035,6121,0.6774764803541782
gulaab,71307,86515,1.2132749940398557
gulaatee,5119,6066,1.1849970697401837
gummadi,6741,6237,0.9252336448598131
gunavamth,8363,8760,1.0474710032285066
gunji,6007,5480,0.9122690194772766
gupathaa,21060,25306,1.2016144349477682
gupta,104416,134538,1.2884806926141588
gurava,6713,7336,1.0928050052137643
gurram,9138,8905,0.9745020792295908
guru,11630,9104,0.7828030954428203
gurunaath,8408,8016,0.9533777354900095
gurung,12053,12264,1.017506015099975
guttula,9634,9533,0.9895162964500727
haaasadaa,12996,17213,1.3244844567559249
haadimani,5340,5566,1.0423220973782772
haalai,7614,9267,1.2171000788022064
haamsadaa,36176,41313,1.142000221141088
haasadaa,37465,29672,0.791992526357934
haathee,8949,6846,0.7650016761649346
hadapada,10803,11434,1.058409701008979
hajong,14461,14367,0.9934997579697117
hamsa,11943,8281,0.6933768734823746
hamsadaa,6140,9058,1.4752442996742672
hamsaraaj,5780,8311,1.4378892733564015
hanamamth,36161,34715,0.9600121678050939
hanthaala,12181,7324,0.6012642640177326
hanumaan,8864,8266,0.9325361010830325
hanumamth,42517,36706,0.8633252581320413
haokip,7056,8026,1.1374716553287982
hareechamdr,7958,9695,1.2182709223422972
hareedaas,11787,12641,1.0724527021294648
harees,8023,7831,0.9760688021936932
hareeschamdr,8729,9358,1.072058655057853
hares,10723,11191,1.0436445024713232
harichamdr,8983,11739,1.3068017366136035
haridaas,13124,15467,1.1785278878390735
harijana,47346,33769,0.7132387107675411
harischamdr,21823,25929,1.1881501168491957
harshad,5343,4854,0.9084783829309376
hasadaa,33331,34086,1.0226515856109928
hemaraaj,10275,10833,1.0543065693430658
hemaram,11526,13544,1.1750824223494707
hembaram,5762,6417,1.1136758070114543
hembram,90835,106729,1.174976605933836
hembroom,4619,5801,1.2558995453561377
her,7063,5862,0.8299589409599321
heraa,278719,184993,0.6637258313929083
himduraav,7410,9357,1.262753036437247
himmath,7320,6494,0.8871584699453552
hiraa,4505,5614,1.2461709211986682
hirematha,26247,27586,1.0510153541357108
hoo,12975,10880,0.8385356454720616
hooroo,8674,8386,0.9667973253400969
hoothaa,40604,37976,0.9352773125800413
hosamani,9478,10320,1.088837307448829
hugaara,7677,8423,1.0971733750162824
imraan,6465,3572,0.5525135344160866
inavaathee,6279,6249,0.9952221691352127
indla,5353,5040,0.9415281150756585
isaak,9441,14130,1.4966634890371782
jaadhava,18913,20820,1.1008301168508434
jaala,7758,5408,0.697086878061356
jaaleemdar,5371,6038,1.1241854403276856
jaalimdar,9727,11945,1.2280250848154621
jaamgid,9447,12475,1.3205250344024557
jaan,7356,10608,1.4420880913539968
jaanee,13428,9760,0.7268394399761692
jaani,10333,6418,0.6211168102196845
jaatav,14986,22281,1.4867876684905912
jaayasavaal,52320,69834,1.3347477064220183
jacob,12626,14140,1.1199112941549185
jagadees,32322,45946,1.4215085700142318
jagadis,11232,14510,1.2918447293447293
jagan,19150,15588,0.8139947780678851
jain,205537,217517,1.0582863426049811
jam,27234,27949,1.0262539472717926
jamaadaara,9260,9634,1.040388768898488
jamaathiyaa,28949,27704,0.9569933331030432
jameer,5911,7073,1.1965826425308745
james,8216,8815,1.072906523855891
jami,5354,5390,1.0067239447142324
jan,24522,21807,0.8892830927330561
janaardan,42846,52192,1.2181300471455911
jayadev,4567,5988,1.3111451718852638
jayamth,18480,10768,0.5826839826839827
jayasimg,20540,26844,1.3069133398247321
jayavamth,34689,31432,0.9061085646746807
jayes,12303,16494,1.340648622287247
jeevan,12778,18692,1.462826733448114
jenaa,225631,149004,0.6603879786022311
jindal,5099,6133,1.2027848597764268
jivan,6793,5355,0.788311497129398
jnjaanesvar,112014,140726,1.2563251022193653
jogi,5262,5273,1.0020904599011782
john,25201,29128,1.155827149716281
joosee,57920,71437,1.2333736187845303
jooseph,7236,8563,1.1833886124930901
jose,26757,26822,1.0024292708450124
joseph,45738,55207,1.2070269797542525
joshi,14582,16864,1.1564943080510217
joy,12135,12002,0.9890399670374949
ka,4865,5858,1.2041109969167523
kaalindee,6533,8676,1.3280269401500076
kaaloo,85411,114367,1.3390195642247487
kaambale,32726,33284,1.017050663081342
kaandi,13709,11113,0.8106353490407762
kabhee,56016,40000,0.7140816909454442
kachchhap,17742,16190,0.9125239544583474
kadali,6099,6007,0.9849155599278571
kahar,15250,9039,0.5927213114754099
kailaas,59983,47047,0.7843388960205392
kakarla,6199,6030,0.9727375383126311
kaki,6546,6254,0.955392606171708
kalla,6755,6410,0.9489267209474463
kalyaan,11191,15924,1.4229291394870878
kamal,34271,20409,0.5955180765078346
kambaara,7881,8166,1.0361629234868672
kancharla,5410,4866,0.899445471349353
kandula,8133,7805,0.9596704782982909
kapil,5727,7572,1.322158198009429
kapoor,31227,46069,1.475293816248759
kara,11926,10077,0.8449605903068925
karanam,7474,7328,0.9804656141289805
karri,33757,32882,0.9740794501881092
kataariyaa,4114,5957,1.447982498784638
katiyaar,10023,11594,1.1567394991519506
katta,16706,16070,0.9619298455644678
kattimani,4811,5194,1.0796092288505508
kavadoo,5526,7317,1.3241042345276872
kavadu,6930,9083,1.3106782106782107
kelaas,58792,34455,0.5860491223295686
kenaa,52129,30609,0.5871779623626004
keraketaa,5660,4966,0.8773851590106007
kerakettaa,5615,4960,0.8833481745325023
kesaravaanee,14999,18105,1.2070804720314687
kesav,79091,96847,1.2245008913782858
kethan,7074,9078,1.2832909245122985
khadiaaa,10296,6769,0.6574397824397824
khalakhoo,10661,9838,0.9228027389550699
khamaaree,7322,5201,0.7103250478011472
khamdoo,22292,27598,1.2380226090077158
khamdu,13619,17000,1.2482561127836111
khandelavaal,8810,9241,1.048921679909194
khanna,5262,4966,0.943747624477385
khannaa,7813,10191,1.304364520670677
kharaa,17299,10730,0.6202670674605468
khare,11203,12909,1.1522806391145228
kharkongor,6633,5637,0.8498417005879693
khathree,7089,9349,1.3188037805050077
khatuaaa,19805,14943,0.7545064377682403
khila,6960,4252,0.610919540229885
khotha,8698,9634,1.107610945044838
khundhiaaa,6187,5137,0.8302893163083885
khuraanaa,5435,6987,1.2855565777368905
khusaal,11564,12557,1.0858699411968178
killo,9216,8740,0.9483506944444444
kisaana,36475,24555,0.6732008224811514
kisaku,6512,8192,1.257985257985258
kisanaa,5421,6502,1.1994097030068254
kisk,14713,14658,0.9962618092843064
kisku,31653,36840,1.1638707231542034
kk,4904,6826,1.3919249592169658
koch,8593,8132,0.9463516816013033
kola,6444,6383,0.9905338299193048
kolakaara,5517,5579,1.0112379916621352
koli,8451,8782,1.0391669624896462
kolla,6047,6025,0.9963618323135439
kolli,15233,14917,0.9792555635790717
koma,5023,6439,1.2819032450726657
kommu,5917,5942,1.00422511407808
kona,8406,8267,0.9834641922436355
konda,10887,10508,0.9651878387067144
kondapalli,5736,5301,0.924163179916318
kondeti,5603,5439,0.9707299660895948
konyak,9396,11249,1.1972115793954874
koohalee,4410,5483,1.243310657596372
kooree,11152,12282,1.1013271162123386
korada,7957,7898,0.9925851451552092
korra,15721,15050,0.9573182367533872
kota,15437,15138,0.9806309516097688
kothapalli,8522,8068,0.9467261206289603
kousal,11248,16375,1.4558143669985775
krishnaa,126949,164083,1.2925111659012674
krishnaath,11256,10176,0.9040511727078892
ks,6612,7237,1.0945251058681185
kuaara,8230,5369,0.6523693803159174
kujoor,13516,11843,0.8762207753773306
kujur,15881,15683,0.9875322712675524
kujura,7908,4569,0.5777693474962063
kulakarni,12180,13287,1.0908866995073891
kumaavath,19605,25772,1.3145626115786788
kumare,11766,11361,0.9655787863335034
kumbaara,18816,19974,1.0615433673469388
kumbhaara,19374,13660,0.7050686487044493
kunchala,6831,6273,0.9183135704874835
kuri,7579,7974,1.0521176936271275
kurian,5987,7324,1.2233171872390178
kusavaah,38442,52475,1.3650434420685709
laaguree,7197,9412,1.3077671251910519
laakadaa,8169,5747,0.7035132819194516
laakraa,8743,6395,0.7314422966944985
laalaa,9059,12477,1.3773043382271775
lahaanoo,5407,8007,1.4808581468466802
lahoo,13951,10050,0.7203784674933696
lahu,14839,9805,0.6607588112406496
lakadaa,18719,17658,0.9433196217746674
lalith,6092,5944,0.9757058437294813
lamaani,20798,22146,1.0648139244158092
lanka,9428,9086,0.9637250742469241
laskar,35728,51272,1.4350649350649352
lengkaa,27956,21984,0.7863785949348977
lepcha,12853,12006,0.9341009880961643
lilaadhar,5745,7704,1.3409921671018277
loodhee,16278,21954,1.348691485440472
lyngdoh,19068,18408,0.9653870358716173
lyngkhoi,6701,6300,0.9401581853454708
ma,8804,6230,0.7076328941390277
maaaak,12060,14850,1.2313432835820894
maaaryaa,6414,6121,0.954318677892111
maadakaami,11537,7271,0.6302331628672965
maadara,34529,32254,0.9341133539922963
maadhav,61216,75000,1.2251698902247778
maahesvaree,8990,8381,0.932258064516129
maajhhee,320269,311628,0.9730195554362114
maajhhi,41211,45950,1.1149935696779987
maalaveey,21249,25778,1.2131394418560872
maali,17175,15635,0.910334788937409
maane,7856,8485,1.0800661914460286
maanik,42738,56828,1.329683185923534
maardee,12770,12560,0.9835552075176194
maaroothee,110703,158231,1.4293289251420467
maaruthee,111229,149239,1.341727427199741
maathur,11832,13160,1.1122379986477349
machchhimdr,26424,24046,0.910006055101423
madaan,4426,5443,1.229778581111613
madan,28696,22450,0.7823390019514915
maddala,5788,5345,0.9234623358673116
madhookar,11527,10316,0.8949423093606316
madhu,10601,10032,0.9463258183190265
madhukar,172637,184254,1.0672914844442385
mag,10328,11003,1.0653563129357086
magadumma,5461,5825,1.066654458890313
magan,9669,11010,1.1386906608749612
mahaadev,225946,317469,1.4050658121852124
mahaajan,12548,16748,1.334714695569015
mahaakuda,40093,28622,0.7138902052727408
mahaakula,7990,5825,0.7290362953692116
mahaakura,10288,7390,0.7183125972006221
mahaalika,23626,18266,0.7731312960297977
mahaana,20644,14331,0.6941968610734354
mahaananda,21206,14745,0.6953220786569839
mahaanri,7414,5857,0.7899919072025897
mahaantha,117360,80024,0.6818677573278801
mahaanthi,145648,109650,0.7528424695155443
mahaapaathra,502462,418421,0.8327415804578256
mahaaranaa,221850,200795,0.9050935316655397
mahaavar,5699,7284,1.278118968240042
mahaaveer,8848,10025,1.1330244122965643
mahes,91555,52832,0.577052045218721
majji,7492,7440,0.993059263214095
majumadaar,29523,37375,1.265962131219727
makaanadaara,6655,6894,1.0359128474830954
malhoothraa,5990,7235,1.2078464106844742
malhotra,9172,9868,1.075883122546882
malika,327337,214879,0.6564458035602453
malla,7843,7638,0.9738620425857453
malladi,5896,5967,1.0120420624151967
mallela,5538,5272,0.9519682195738534
mamgal,32558,21308,0.6544628048405922
mamidi,10747,10440,0.9714338885270308
manda,10395,9971,0.9592111592111592
mandala,15399,11863,0.7703746996558218
manee,11034,8032,0.727931847018307
manish,14570,12966,0.889910775566232
manoohar,133844,137728,1.0290188577747228
manooj,80415,53707,0.667872909283094
manthala,36773,28196,0.7667582193457156
maraadee,10236,11999,1.172235248143806
maraamdee,42647,45375,1.0639669847820479
maraandee,26973,33767,1.2518815111407704
maraavee,6705,6849,1.0214765100671142
marak,109370,112734,1.0307579775075433
marakaam,7018,7070,1.0074095183813052
marbaniang,8337,7591,0.9105193714765503
marri,8961,8666,0.9670795670126102
marsakoole,9064,9141,1.008495145631068
marwein,5564,5106,0.917685118619698
mathapathi,9474,9841,1.0387375976356343
mathew,38677,47733,1.2341443234997544
matta,10116,9970,0.9855674179517596
meena,6611,8932,1.3510815307820299
meenaa,85851,102922,1.198844509673737
meesala,9751,9599,0.984411855194339
mehaboob,5554,7147,1.2868203096867123
mehabub,6212,7513,1.2094333547971667
meharaa,18210,26852,1.4745744096650193
meher,25403,14672,0.5775695783962524
mehera,52202,39899,0.7643193747366002
mehra,4890,5642,1.1537832310838445
mehta,5846,7914,1.3537461512145057
mekala,14371,13550,0.9428710597731542
menon,4743,5804,1.2236980813830909
methri,5159,5181,1.004264392324094
meti,6143,6531,1.063161321829725
mileemd,16921,10149,0.5997872466166302
milimd,14277,9081,0.6360579953771801
mimj,21116,19667,0.9313790490623224
minjja,11728,7735,0.6595327421555253
miriyala,5533,5227,0.9446954635821435
misra,110000,86115,0.7828636363636363
misraa,244401,350807,1.4353746506765521
miththal,18882,22186,1.1749814638279843
mittal,7837,9011,1.1498022202373357
mivee,12086,7186,0.594572232334933
mohanan,5024,6235,1.2410429936305734
momin,27380,28287,1.033126369612856
mondal,5279,7253,1.3739344572835763
moohan,151110,214790,1.4214148633445833
mooresvar,16648,19325,1.1608000961076406
moorthi,5429,5531,1.018787990421809
mouryaa,32735,33266,1.0162211700015273
mr,5956,6188,1.0389523169912693
ms,10895,12331,1.1318035796236805
muduli,49440,37073,0.7498584142394822
mujaavara,9086,9776,1.075941008144398
mukes,30475,28972,0.9506808859721083
mukharjee,10273,12106,1.1784288912683734
mukhee,23326,12690,0.5440281231244105
mukumd,23824,20347,0.8540547347212895
mukumdaa,4953,5708,1.152432868968302
mulgaa,5707,4712,0.8256527072016822
mulla,4732,5384,1.1377852916314455
mullaa,18257,21663,1.1865585802705811
mumathaaj,16014,14033,0.8762957412264268
munthaa,24465,13889,0.5677089720008175
muramoo,12391,14122,1.1396981680251796
muramu,23878,29032,1.215847223385543
murm,104416,102424,0.9809224639901931
murmu,42723,30491,0.713690517987969
muthyala,5245,5089,0.9702573879885605
naaeka,355548,254523,0.7158611495494279
naag,13366,17298,1.294179260811013
naaga,46695,32254,0.6907377663561409
naages,20453,15702,0.7677113381899966
naahaaka,46514,34673,0.7454314829943672
naaika,47602,33251,0.6985210705432545
naanaa,47716,54973,1.1520873501550843
naanaasoo,5367,5591,1.0417365381032233
naarjaabee,5567,7088,1.2732171726243937
naarjaaee,7631,10663,1.397326693749181
naaseer,4920,7338,1.4914634146341463
naatha,24960,19997,0.801161858974359
naavi,5340,5665,1.0608614232209739
naayaka,250457,264624,1.056564599911362
naayek,5457,5792,1.0613890415979477
naayika,21109,21773,1.031455777156663
nadaapha,14714,16353,1.1113905124371346
naik,44498,65074,1.4624028046204325
najeer,14201,20176,1.420745017956482
nakka,21679,21091,0.9728769777203745
nalla,5730,5609,0.9788830715532286
nam,8044,9682,1.203630034808553
namasudr,7126,8239,1.156188605108055
namdakumaar,24283,30939,1.2741012230778734
nanda,44479,49830,1.120303963668248
nandee,6714,7103,1.057938635686625
nares,51459,76204,1.4808682640548787
nathuraam,5215,7340,1.4074784276126557
naval,4452,5607,1.259433962264151
navanaath,46416,43800,0.9436401240951396
negee,37362,47382,1.2681869278946523
nethaajee,6117,3922,0.6411639692659801
nigam,12025,16123,1.3407900207900207
nilakamth,18628,24090,1.2932145157826926
niles,59191,47657,0.8051392948252268
niramjan,8851,13068,1.4764433397356231
nirmal,5741,6789,1.182546594669918
nisaar,11898,15007,1.2613044209110775
nitheen,74633,45320,0.6072380850294106
nithes,8026,8823,1.0993022676302018
nithin,14609,10597,0.7253747689780272
nongrum,9384,8751,0.9325447570332481
nongsiej,5490,4934,0.8987249544626594
noor,7274,9989,1.373247181743195
nur,4607,5887,1.277838072498372
oraama,29032,18400,0.6337834114081015
pa,5182,6328,1.2211501350829796
paadhee,44455,29987,0.6745472950174334
paaika,7610,5232,0.6875164257555848
paala,18333,14426,0.7868870343097147
paaleevaal,5831,6696,1.148345052306637
paamchaal,5311,7621,1.4349463377894935
paamdoo,9017,12880,1.4284129976710658
paamdooramg,49757,71715,1.4413047410414614
paamdu,6898,9865,1.430124673818498
paamduramg,190916,272084,1.4251503278928952
paande,93955,84200,0.896173700175616
paani,12811,10180,0.7946296151744594
paanigraahee,21962,16215,0.7383207358164101
paanigraahi,10981,8859,0.8067571259448137
paap,7987,8001,1.0017528483786153
paaraasar,4915,7190,1.4628687690742626
paareek,6828,7134,1.0448154657293498
paateedaar,14898,18458,1.2389582494294535
paateel,5233,5943,1.1356774316835467
paathar,4915,6855,1.3947100712105798
paathra,171143,123356,0.7207773616215679
paatil,5977,7275,1.2171658022419274
paatila,125016,133376,1.0668714404556217
padala,11147,10730,0.9625908316138871
padhaana,287704,244786,0.8508258487890332
paila,9221,8918,0.9671402234031016
palaaia,10881,8425,0.7742854517048066
paleia,18126,13992,0.7719298245614035
palivela,5052,4946,0.9790182106096595
palla,11893,11708,0.9844446312957201
palli,18890,18585,0.9838538909475913
pamdeeth,36211,39585,1.0931761067079064
pamdharee,18984,24043,1.266487568478719
pamjaab,8747,8448,0.9658168514919401
pamkaj,27078,26715,0.9865942831819189
pandaa,106702,71830,0.6731832580457724
pangi,5734,5534,0.9651203348447855
panthaa,29052,26888,0.9255128734682638
paraag,6381,4395,0.688763516690174
paramaar,18201,24061,1.3219603318498983
parathe,5349,5491,1.0265470181342307
parathethee,10594,10600,1.000566358316028
pares,8510,9719,1.1420681551116334
paridaa,168365,108932,0.6469990793811066
pasupuleti,15729,14683,0.9334986330980991
patan,6522,6671,1.022845752836553
patela,46718,39383,0.8429941350229033
pathaana,5017,5384,1.0731512856288619
pathan,17004,16423,0.9658315690425782
paththaara,7694,8117,1.0549779048609307
pati,5718,4466,0.7810423224903813
patnala,5439,5050,0.9284794999080713
pattanaayka,17744,9422,0.5309963931469792
paul,14160,18753,1.324364406779661
pavaar,15020,17791,1.1844873501997337
pavaara,14150,15760,1.1137809187279153
pavan,11364,10261,0.9029391059486096
pee,6091,7503,1.2318174355606633
pereira,7584,7301,0.9626845991561181
philip,7065,8315,1.1769285208775655
pilla,10488,12491,1.1909801678108314
pilli,15438,15024,0.9731830547998446
pitta,5399,5249,0.9722170772365253
poohaana,5639,4434,0.7863096293669091
poojaaree,12043,8140,0.6759113177779623
poopat,66776,58937,0.8826075236611957
pootela,8887,6420,0.7224035107460335
prabhaakar,123553,145313,1.1761187506576125
prabhoo,7437,7807,1.0497512437810945
prabhu,10354,11387,1.099768205524435
pradeep,60737,30399,0.5005021650723611
pradhaana,617376,484864,0.7853625667340486
pradhaanee,5561,5409,0.9726667865491818
pradhan,9225,10070,1.09159891598916
pradip,45516,23341,0.5128086826610423
pralhaad,79141,88746,1.1213656638152159
praphul,8628,6500,0.7533611497450162
praphull,8656,5322,0.6148336414048059
prasaamth,72789,44879,0.6165629422028054
pravin,87960,47938,0.5449977262391996
premachamd,6450,8900,1.37984496124031
ps,8095,9814,1.212353304508956
pudi,5915,5543,0.9371090448013525
pujaari,26560,28390,1.0689006024096386
pujari,5832,5648,0.9684499314128944
pujeri,13202,13621,1.031737615512801
puli,7801,7633,0.9784642994487887
purathee,15718,20778,1.3219239088942614
putta,5412,5290,0.9774575018477457
raahool,9163,4736,0.5168612899705337
raahul,58039,43654,0.7521494167714813
raajan,15859,14294,0.9013178636736238
raajapooth,39793,46649,1.1722916090769733
raajedr,8972,4810,0.5361123495318769
raajeev,12779,9241,0.7231395257844901
raajendr,10382,12394,1.1937969562704682
raajes,147624,88844,0.6018262613125237
raakes,33913,33454,0.9864653672632914
raamadaas,119348,157731,1.3216057244361028
raamaharee,5670,6802,1.199647266313933
raamesvar,34700,40688,1.172564841498559
raamoo,18576,21828,1.175064599483204
raamu,10134,12017,1.185810144069469
raathoda,27443,32876,1.1979739824363225
raathoor,5744,7053,1.2278899721448469
raathoud,7723,10641,1.377832448530364
raathour,50377,65878,1.3076999424340472
raaula,22083,16799,0.7607209165421365
raautha,536527,414374,0.7723264626011366
raautharaay,12935,7943,0.614070351758794
raavasoo,5887,5109,0.8678444029216918
rabha,9869,9532,0.9658526699766947
raghoonaath,6550,8774,1.3395419847328245
raghunaath,88789,131256,1.4782912297694535
raghuvamsee,11893,14075,1.1834692676364247
raikavaar,7098,7616,1.0729783037475344
raitha,10834,7095,0.6548827764445265
rajan,13061,14109,1.0802388791057347
rajnjaak,5536,7513,1.3571170520231215
ramaakaamth,16689,20444,1.2249985020073102
rames,410171,275372,0.6713590185556756
ramesaraav,4797,6837,1.4252657911194497
ramgaraav,18035,24036,1.3327418907679511
ranaa,80487,57876,0.7190726452719073
ranajeeth,7845,11025,1.4053537284894837
ranajith,4760,5463,1.147689075630252
raphik,14232,15132,1.063237774030354
rasid,8805,11789,1.3388983532084042
rasthoogee,19777,24597,1.2437174495626233
ratha,27079,23629,0.872594999815355
ravikaamth,5215,6078,1.165484180249281
ravindr,6583,6951,1.055901564636184
ravuri,5914,5585,0.9443692932025701
rawat,20088,26629,1.3256172839506173
redi,25173,18878,0.7499304810709888
rijavee,5301,7632,1.4397283531409168
riyaam,42983,44934,1.0453900379219692
rnaa,11070,7725,0.6978319783197832
rodrigues,8409,7365,0.8758473064573671
rooheedaas,10645,12298,1.1552841709722874
roohidaas,17806,21477,1.2061664607435696
roohidaasa,5997,4063,0.6775054193763549
roosan,12290,12621,1.02693246541904
roy,12078,15949,1.3205000827951647
rudrapaal,5977,7036,1.1771791868830517
saa,106681,69356,0.6501251394343885
saahaa,57535,84606,1.4705136004171373
saahaanee,6663,5821,0.8736304967732252
saahu,2466980,1933516,0.7837582793537037
saaketh,17531,20885,1.191318236267184
saaky,11605,15035,1.2955622576475656
saam,27480,15592,0.5673944687045124
saamala,90251,69140,0.7660856943413369
saamantharaay,10524,7422,0.7052451539338654
saammaa,9548,9308,0.9748638458315878
saarasvath,5385,6887,1.2789229340761374
saasamala,6451,4877,0.7560068206479615
saatha,6610,5941,0.8987897125567322
saathra,16592,16485,0.9935511089681774
sabar,31681,19859,0.6268425870395505
sabara,26083,19793,0.7588467584250278
sachaan,4684,5959,1.272203245089667
sachadevaa,5493,6826,1.24267249226288
sachdeva,5724,5776,1.0090845562543675
sachin,112096,67248,0.5999143591207536
sadaanamd,25936,24276,0.9359962985811228
sadhaana,23230,23488,1.0111063280241068
sadu,4662,5740,1.2312312312312312
sahaadev,6720,8989,1.3376488095238095
sahaajee,20916,17570,0.8400267737617135
sahadev,19666,28222,1.4350655954439133
sailes,22911,13829,0.6035965256863516
sainee,105707,152013,1.4380599203458617
saini,7298,10103,1.3843518772266374
sajan,5979,7964,1.3319953169426326
saksainaa,9146,8952,0.9787885414388804
saksenaa,46814,52592,1.1234246165676933
salim,13218,16498,1.2481464669390225
sambhaajee,71462,88642,1.2404074892950099
samee,19747,28290,1.4326226768623083
sameer,24182,26639,1.1016044992142917
samgraam,5313,5184,0.9757199322416714
sami,6059,7708,1.2721571216372338
samjeev,14635,9506,0.6495387769046805
sampath,45822,48863,1.0663655012875912
samthoo,4289,6251,1.4574492888785264
sanadi,10004,10496,1.0491803278688525
sangma,122692,127103,1.0359518142992208
sarakaar,59111,72108,1.2198744734482583
saramaa,82038,95327,1.1619859089690143
sarena,10386,7266,0.6995956094742923
saridaa,12382,13087,1.0569374899047004
sarjeraav,27486,34030,1.2380848431928981
sarkar,5369,6957,1.295772024585584
sarmee,25644,30879,1.2041413196069255
sarooj,23794,27525,1.156804236362108
sathapathee,13363,10084,0.7546209683454315
sathapathi,10890,8758,0.8042240587695133
sathees,43999,25145,0.5714902611422987
satheesh,7891,6536,0.8282853884171841
sathi,9975,7942,0.7961904761904762
sathis,52641,29076,0.5523451302216903
sathish,11643,7537,0.6473417504079705
sathyavaan,9944,11982,1.2049477071600965
satti,5509,5216,0.9468143038664004
savara,5508,5617,1.0197893972403775
sawant,5994,6039,1.0075075075075075
saxena,6022,6636,1.1019594818997012
sayaajee,6831,9003,1.3179622310057093
sayyad,27918,28385,1.0167275592807508
sbaai,264376,196383,0.7428170484461525
se,22770,14095,0.6190162494510321
sebastian,9978,11225,1.1249749448787332
see,4997,6045,1.2097258355013008
seel,19817,25780,1.3009032648735934
seelam,10019,9415,0.9397145423694979
semgar,5064,5946,1.1741706161137442
senaapathi,33099,24709,0.7465180216924983
setha,78107,96195,1.2315797559757768
sethee,234326,161811,0.690537968471275
sethi,24115,20336,0.8432925565001037
setti,5014,5160,1.0291184682887913
shadanggee,6704,5012,0.7476133651551312
shaik,313917,305659,0.9736936833621627
shaikh,10443,9962,0.9539404385712917
shaji,6412,5673,0.8847473487211478
shama,50487,68012,1.3471190603521699
shamma,63603,80014,1.2580224203260852
shana,6764,8253,1.2201360141927853
shanna,10392,14738,1.418206312548114
sharma,61838,91025,1.4719913321905624
sheik,14719,14020,0.9525103607582037
shek,61457,57579,0.9368989700115528
shekha,11147,11610,1.0415358392392573
sherpa,7843,7521,0.9589442815249267
shimdhe,5692,6044,1.061841180604357
shira,5231,5207,0.9954119671190977
shylla,5370,4959,0.923463687150838
si,7615,7819,1.0267892317793827
siagalaa,6613,9416,1.4238620898230758
siddhaarth,8169,8879,1.086913942955074
sidhdaarth,10844,12068,1.1128734784212468
sidraam,9262,13519,1.4596199524940618
sikamdar,9193,12876,1.4006309148264984
sim,160043,144425,0.9024137263110539
simghal,11678,15024,1.2865216646686077
simha,43329,33556,0.7744466754367745
simhaa,18023,17737,0.9841313876713089
simku,5428,6987,1.2872144436256447
sinahaa,11353,11741,1.034175988725447
singhal,4828,6007,1.2442004971002485
sinha,5544,5694,1.027056277056277
sinhaa,151010,123843,0.8200980067545196
sireesh,8359,5595,0.6693384376121546
sisoodiyaa,6455,8106,1.2557707203718047
sivaa,9893,12361,1.2494693217426462
sivaajee,201372,255615,1.269367141409928
soni,6125,7412,1.2101224489795919
sood,13735,13914,1.0130323989807062
soolamkee,21905,28883,1.3185574069847066
soomanaath,36176,53850,1.4885559486952675
soonaa,9480,8798,0.9280590717299578
soonee,103066,134443,1.304435992470844
soopaan,49965,63506,1.2710097067947563
sooren,113122,127598,1.1279680345114125
soorena,20805,13876,0.6669550588800769
soores,7634,3950,0.5174220592088027
sooryakaamth,5194,5805,1.1176357335386986
sooryavamsee,7258,8614,1.1868283273629099
soothaara,7223,5606,0.776131801190641
soothradhar,5247,6107,1.1639031827711073
sooy,9989,11319,1.133146461107218
sreedhar,35174,38089,1.082873713538409
sreeharee,8646,9916,1.1468887346749943
sreekaamth,44988,43785,0.9732595358762337
sreekrishn,22551,31064,1.377499889140171
sreemamth,15007,15121,1.0075964549876724
sreepaad,5585,6208,1.1115487914055506
sreeraam,54165,75606,1.3958460260315702
sreeramg,29165,36349,1.2463226470084006
sreevaas,6450,8077,1.2522480620155039
sreevaasthav,166667,209696,1.2581734836530327
subba,10555,9994,0.9468498342018001
subhaash,231303,178544,0.7719052498238241
sudaam,50388,48593,0.9643764388346432
sudarsan,8207,9415,1.1471914219568662
sudhaakar,89364,90472,1.0123987287945928
sudheer,44424,22602,0.5087790383576445
sudhir,8622,4619,0.5357225701693342
suhaas,25192,12696,0.5039695141314703
sukhadev,43007,63907,1.4859674006557073
suklaa,93470,117885,1.2612068043222424
sulthaan,7768,8609,1.108264675592173
suman,51327,35076,0.6833830147875387
sunaa,16279,10612,0.651882793783402
sundee,6120,7645,1.2491830065359477
suneel,59552,34136,0.5732133261687264
sunkara,12220,11884,0.9725040916530279
suraj,11395,12736,1.1176831943835015
sureen,7510,8084,1.0764314247669773
suremdr,29126,15085,0.5179221314289638
sures,413012,260430,0.6305627923643865
suryakaamth,30868,34068,1.103667228197486
suseel,5545,5212,0.9399458972046889
sushi,5610,4702,0.8381461675579323
susil,7853,6479,0.8250350184642812
suthaara,8953,9059,1.0118396068356976
svaamee,9142,13533,1.480310654123824
syed,19729,22624,1.1467383040194636
syiemlieh,5183,4832,0.932278603125603
tadi,6036,6011,0.9958581842279656
talari,9667,9350,0.9672080273094031
talluri,6545,6246,0.9543162719633308
tamang,10422,11695,1.1221454615236999
thaakar,7370,7483,1.0153324287652645
thaakare,6162,6333,1.0277507302823758
thaakura,5872,5015,0.8540531335149864
thaalukadaa,17889,24617,1.3760970428755102
thaanaajee,66908,61501,0.9191875411012136
thaandi,15610,9687,0.6205637411915439
thaapaa,16001,21994,1.3745390913067934
thaathyaa,4667,6339,1.3582601242768373
thalavaara,24316,25184,1.035696660634973
thapa,8113,9850,1.2141008258350796
tharaaia,10181,7754,0.7616147726156566
theli,5949,6346,1.0667339048579594
thiggaa,12741,11336,0.8897260811553254
thika,6320,3731,0.5903481012658228
thipaathee,12001,8783,0.7318556786934423
thirkee,26274,24128,0.9183222958057395
thomas,50955,58249,1.1431459130605437
thoomar,27017,39950,1.4786985971795537
thoopanoo,13901,13190,0.9488526005323358
thota,22919,22175,0.967537850691566
thribak,10510,14612,1.3902949571836347
thripaathee,60467,89313,1.4770535994840162
thripuraa,47221,50437,1.068105292136973
thushaar,15136,11666,0.7707452431289641
tooppoo,22922,21421,0.9345170578483553
tud,61374,62208,1.013588816111057
tudoo,26011,37026,1.4234746837876282
tudu,31924,22741,0.7123480766821201
tyagi,9052,11334,1.252098983650022
udake,29563,32259,1.091195074924737
uddhav,9218,8083,0.8768713386851812
udhdav,17675,16189,0.9159264497878359
ueeke,9372,9331,0.9956252667520273
uike,7455,6687,0.8969818913480885
ulhaas,11716,7358,0.6280300443837488
umaakaamth,8308,12228,1.4718343765045738
uththam,115800,106986,0.9238860103626944
vaalikaara,13036,13801,1.0586836452899662
vaalmeek,4880,6772,1.387704918032787
vaalmik,6368,7897,1.240106783919598
vaaman,67107,96510,1.4381510125620278
vaarshney,7549,7316,0.9691349847661942
vaaskee,4774,6247,1.3085462924172602
vaddara,8159,8211,1.0063733300649589
vadde,5081,5027,0.9893721708325133
vaddi,6337,6276,0.9903739940034717
vaibhav,14318,12304,0.8593378963542394
vaishnav,5638,6943,1.2314650585313942
vaisy,4204,6198,1.4743101807802093
vallepu,6356,5837,0.9183448709880428
vantala,6685,6224,0.931039640987285
varamaa,12067,17361,1.438717162509323
varghese,30404,36622,1.204512564136298
vasamth,184070,155136,0.8428098006193296
vasamthaa,17724,13152,0.7420446851726472
velip,6496,7042,1.084051724137931
vemma,6797,9898,1.4562306900102986
vemula,9469,8838,0.9333614954060618
vena,8570,11714,1.3668611435239206
venkata,9977,12800,1.2829507868096621
verma,16017,22292,1.3917712430542548
vijay,320889,194853,0.6072286678571095
vijayan,10361,8440,0.8145931859859087
vikaas,57885,52986,0.915366675304483
vikram,28831,32511,1.1276403870833478
vilaas,177724,139742,0.7862866016970134
vinay,10365,8904,0.8590448625180898
vinood,126159,73765,0.5846986738956397
viremdr,7802,4615,0.591514996154832
vishnoo,69863,73714,1.0551221676710132
vishnu,67133,70649,1.052373646343825
vithal,5123,6370,1.243412063244193
vithathal,34093,41197,1.2083712198985128
viththal,199531,211417,1.0595696909252197
vittal,4539,5816,1.281339502092972
vivek,20304,19281,0.9496158392434988
vs,7992,7579,0.9483233233233234
vyaas,9198,11181,1.215590345727332
vyamkat,14151,17143,1.2114338209313829
wahlang,5613,5519,0.9832531623017994
yaanee,6059,4115,0.6791549760686582
yadla,6004,6026,1.0036642238507663
yaduvamsee,10847,12020,1.10814049967733
yalla,6951,7008,1.0082002589555459
yarlagadda,5503,4935,0.8967835725967654
yarra,5341,5204,0.9743493727766336
yasavamth,102528,145698,1.421055711610487
yenaa,142452,125467,0.8807668548002134
yooges,65947,47142,0.7148467708917767
yunoos,5987,8047,1.3440788374812094
yuvaraaj,37060,32021,0.864031300593632
